ticker,ticker_yfinance,sector,window_id,indicator,variant,signal_column,in_sample_start,in_sample_end,out_sample_start,out_sample_end,total_active_signals,correct_signals,directional_accuracy,hit_rate
BBCA,BBCA.JK,Finansial,1,MA Crossover,SMA10/SMA50 + Volume >= 0.8 x VolMA20,MA_Final_Signal,2024-10-21,2025-04-20,2025-04-21,2025-07-21,1,0,0.0,0.0
BBCA,BBCA.JK,Finansial,1,MACD,MACD 12/26/9 + SMA50 + Histogram Threshold 0.10% + Volume >= VolMA20,MACD_Final_Signal,2024-10-21,2025-04-20,2025-04-21,2025-07-21,0,0,0.0,0.0
BBCA,BBCA.JK,Finansial,1,RSI,RSI14 30/70 + SMA50,RSI_Final_Signal,2024-10-21,2025-04-20,2025-04-21,2025-07-21,0,0,0.0,0.0
BBCA,BBCA.JK,Finansial,2,MA Crossover,SMA10/SMA50 + Volume >= 0.8 x VolMA20,MA_Final_Signal,2025-01-21,2025-07-20,2025-07-21,2025-10-21,1,1,100.0,100.0
BBCA,BBCA.JK,Finansial,2,MACD,MACD 12/26/9 + SMA50 + Histogram Threshold 0.10% + Volume >= VolMA20,MACD_Final_Signal,2025-01-21,2025-07-20,2025-07-21,2025-10-21,1,1,100.0,100.0
BBCA,BBCA.JK,Finansial,2,RSI,RSI14 30/70 + SMA50,RSI_Final_Signal,2025-01-21,2025-07-20,2025-07-21,2025-10-21,0,0,0.0,0.0
BBCA,BBCA.JK,Finansial,3,MA Crossover,SMA10/SMA50 + Volume >= 0.8 x VolMA20,MA_Final_Signal,2025-04-21,2025-10-20,2025-10-21,2026-01-21,2,2,100.0,100.0
BBCA,BBCA.JK,Finansial,3,MACD,MACD 12/26/9 + SMA50 + Histogram Threshold 0.10% + Volume >= VolMA20,MACD_Final_Signal,2025-04-21,2025-10-20,2025-10-21,2026-01-21,0,0,0.0,0.0
BBCA,BBCA.JK,Finansial,3,RSI,RSI14 30/70 + SMA50,RSI_Final_Signal,2025-04-21,2025-10-20,2025-10-21,2026-01-21,1,0,0.0,0.0
BBCA,BBCA.JK,Finansial,4,MA Crossover,SMA10/SMA50 + Volume >= 0.8 x VolMA20,MA_Final_Signal,2025-07-21,2026-01-20,2026-01-21,2026-04-21,0,0,0.0,0.0
BBCA,BBCA.JK,Finansial,4,MACD,MACD 12/26/9 + SMA50 + Histogram Threshold 0.10% + Volume >= VolMA20,MACD_Final_Signal,2025-07-21,2026-01-20,2026-01-21,2026-04-21,2,1,50.0,50.0
BBCA,BBCA.JK,Finansial,4,RSI,RSI14 30/70 + SMA50,RSI_Final_Signal,2025-07-21,2026-01-20,2026-01-21,2026-04-21,0,0,0.0,0.0
BBRI,BBRI.JK,Finansial,1,MA Crossover,SMA10/SMA50 + Volume >= 0.8 x VolMA20,MA_Final_Signal,2024-10-21,2025-04-20,2025-04-21,2025-07-21,1,0,0.0,0.0
BBRI,BBRI.JK,Finansial,1,MACD,MACD 12/26/9 + SMA50 + Histogram Threshold 0.10% + Volume >= VolMA20,MACD_Final_Signal,2024-10-21,2025-04-20,2025-04-21,2025-07-21,0,0,0.0,0.0
BBRI,BBRI.JK,Finansial,1,RSI,RSI14 30/70 + SMA50,RSI_Final_Signal,2024-10-21,2025-04-20,2025-04-21,2025-07-21,0,0,0.0,0.0
BBRI,BBRI.JK,Finansial,2,MA Crossover,SMA10/SMA50 + Volume >= 0.8 x VolMA20,MA_Final_Signal,2025-01-21,2025-07-20,2025-07-21,2025-10-21,2,1,50.0,50.0
BBRI,BBRI.JK,Finansial,2,MACD,MACD 12/26/9 + SMA50 + Histogram Threshold 0.10% + Volume >= VolMA20,MACD_Final_Signal,2025-01-21,2025-07-20,2025-07-21,2025-10-21,1,1,100.0,100.0
BBRI,BBRI.JK,Finansial,2,RSI,RSI14 30/70 + SMA50,RSI_Final_Signal,2025-01-21,2025-07-20,2025-07-21,2025-10-21,0,0,0.0,0.0
BBRI,BBRI.JK,Finansial,3,MA Crossover,SMA10/SMA50 + Volume >= 0.8 x VolMA20,MA_Final_Signal,2025-04-21,2025-10-20,2025-10-21,2026-01-21,1,1,100.0,100.0
BBRI,BBRI.JK,Finansial,3,MACD,MACD 12/26/9 + SMA50 + Histogram Threshold 0.10% + Volume >= VolMA20,MACD_Final_Signal,2025-04-21,2025-10-20,2025-10-21,2026-01-21,1,1,100.0,100.0
BBRI,BBRI.JK,Finansial,3,RSI,RSI14 30/70 + SMA50,RSI_Final_Signal,2025-04-21,2025-10-20,2025-10-21,2026-01-21,0,0,0.0,0.0
BBRI,BBRI.JK,Finansial,4,MA Crossover,SMA10/SMA50 + Volume >= 0.8 x VolMA20,MA_Final_Signal,2025-07-21,2026-01-20,2026-01-21,2026-04-21,1,1,100.0,100.0
BBRI,BBRI.JK,Finansial,4,MACD,MACD 12/26/9 + SMA50 + Histogram Threshold 0.10% + Volume >= VolMA20,MACD_Final_Signal,2025-07-21,2026-01-20,2026-01-21,2026-04-21,1,0,0.0,0.0
BBRI,BBRI.JK,Finansial,4,RSI,RSI14 30/70 + SMA50,RSI_Final_Signal,2025-07-21,2026-01-20,2026-01-21,2026-04-21,1,0,0.0,0.0
BMRI,BMRI.JK,Finansial,1,MA Crossover,SMA10/SMA50 + Volume >= 0.8 x VolMA20,MA_Final_Signal,2024-10-21,2025-04-20,2025-04-21,2025-07-21,1,1,100.0,100.0
BMRI,BMRI.JK,Finansial,1,MACD,MACD 12/26/9 + SMA50 + Histogram Threshold 0.10% + Volume >= VolMA20,MACD_Final_Signal,2024-10-21,2025-04-20,2025-04-21,2025-07-21,0,0,0.0,0.0
BMRI,BMRI.JK,Finansial,1,RSI,RSI14 30/70 + SMA50,RSI_Final_Signal,2024-10-21,2025-04-20,2025-04-21,2025-07-21,0,0,0.0,0.0
BMRI,BMRI.JK,Finansial,2,MA Crossover,SMA10/SMA50 + Volume >= 0.8 x VolMA20,MA_Final_Signal,2025-01-21,2025-07-20,2025-07-21,2025-10-21,1,0,0.0,0.0
BMRI,BMRI.JK,Finansial,2,MACD,MACD 12/26/9 + SMA50 + Histogram Threshold 0.10% + Volume >= VolMA20,MACD_Final_Signal,2025-01-21,2025-07-20,2025-07-21,2025-10-21,1,1,100.0,100.0
BMRI,BMRI.JK,Finansial,2,RSI,RSI14 30/70 + SMA50,RSI_Final_Signal,2025-01-21,2025-07-20,2025-07-21,2025-10-21,0,0,0.0,0.0
BMRI,BMRI.JK,Finansial,3,MA Crossover,SMA10/SMA50 + Volume >= 0.8 x VolMA20,MA_Final_Signal,2025-04-21,2025-10-20,2025-10-21,2026-01-21,2,1,50.0,50.0
BMRI,BMRI.JK,Finansial,3,MACD,MACD 12/26/9 + SMA50 + Histogram Threshold 0.10% + Volume >= VolMA20,MACD_Final_Signal,2025-04-21,2025-10-20,2025-10-21,2026-01-21,1,0,0.0,0.0
BMRI,BMRI.JK,Finansial,3,RSI,RSI14 30/70 + SMA50,RSI_Final_Signal,2025-04-21,2025-10-20,2025-10-21,2026-01-21,0,0,0.0,0.0
BMRI,BMRI.JK,Finansial,4,MA Crossover,SMA10/SMA50 + Volume >= 0.8 x VolMA20,MA_Final_Signal,2025-07-21,2026-01-20,2026-01-21,2026-04-21,3,0,0.0,0.0
BMRI,BMRI.JK,Finansial,4,MACD,MACD 12/26/9 + SMA50 + Histogram Threshold 0.10% + Volume >= VolMA20,MACD_Final_Signal,2025-07-21,2026-01-20,2026-01-21,2026-04-21,1,0,0.0,0.0
BMRI,BMRI.JK,Finansial,4,RSI,RSI14 30/70 + SMA50,RSI_Final_Signal,2025-07-21,2026-01-20,2026-01-21,2026-04-21,1,0,0.0,0.0
SMMA,SMMA.JK,Finansial,1,MA Crossover,SMA10/SMA50 + Volume >= 0.8 x VolMA20,MA_Final_Signal,2024-10-21,2025-04-20,2025-04-21,2025-07-21,2,0,0.0,0.0
SMMA,SMMA.JK,Finansial,1,MACD,MACD 12/26/9 + SMA50 + Histogram Threshold 0.10% + Volume >= VolMA20,MACD_Final_Signal,2024-10-21,2025-04-20,2025-04-21,2025-07-21,1,0,0.0,0.0
SMMA,SMMA.JK,Finansial,1,RSI,RSI14 30/70 + SMA50,RSI_Final_Signal,2024-10-21,2025-04-20,2025-04-21,2025-07-21,3,1,33.33333333333333,33.33333333333333
SMMA,SMMA.JK,Finansial,2,MA Crossover,SMA10/SMA50 + Volume >= 0.8 x VolMA20,MA_Final_Signal,2025-01-21,2025-07-20,2025-07-21,2025-10-21,2,1,50.0,50.0
SMMA,SMMA.JK,Finansial,2,MACD,MACD 12/26/9 + SMA50 + Histogram Threshold 0.10% + Volume >= VolMA20,MACD_Final_Signal,2025-01-21,2025-07-20,2025-07-21,2025-10-21,1,1,100.0,100.0
SMMA,SMMA.JK,Finansial,2,RSI,RSI14 30/70 + SMA50,RSI_Final_Signal,2025-01-21,2025-07-20,2025-07-21,2025-10-21,0,0,0.0,0.0
SMMA,SMMA.JK,Finansial,3,MA Crossover,SMA10/SMA50 + Volume >= 0.8 x VolMA20,MA_Final_Signal,2025-04-21,2025-10-20,2025-10-21,2026-01-21,0,0,0.0,0.0
SMMA,SMMA.JK,Finansial,3,MACD,MACD 12/26/9 + SMA50 + Histogram Threshold 0.10% + Volume >= VolMA20,MACD_Final_Signal,2025-04-21,2025-10-20,2025-10-21,2026-01-21,0,0,0.0,0.0
SMMA,SMMA.JK,Finansial,3,RSI,RSI14 30/70 + SMA50,RSI_Final_Signal,2025-04-21,2025-10-20,2025-10-21,2026-01-21,0,0,0.0,0.0
SMMA,SMMA.JK,Finansial,4,MA Crossover,SMA10/SMA50 + Volume >= 0.8 x VolMA20,MA_Final_Signal,2025-07-21,2026-01-20,2026-01-21,2026-04-21,1,0,0.0,0.0
SMMA,SMMA.JK,Finansial,4,MACD,MACD 12/26/9 + SMA50 + Histogram Threshold 0.10% + Volume >= VolMA20,MACD_Final_Signal,2025-07-21,2026-01-20,2026-01-21,2026-04-21,2,2,100.0,100.0
SMMA,SMMA.JK,Finansial,4,RSI,RSI14 30/70 + SMA50,RSI_Final_Signal,2025-07-21,2026-01-20,2026-01-21,2026-04-21,0,0,0.0,0.0
DNET,DNET.JK,Finansial,1,MA Crossover,SMA10/SMA50 + Volume >= 0.8 x VolMA20,MA_Final_Signal,2024-10-21,2025-04-20,2025-04-21,2025-07-21,0,0,0.0,0.0
DNET,DNET.JK,Finansial,1,MACD,MACD 12/26/9 + SMA50 + Histogram Threshold 0.10% + Volume >= VolMA20,MACD_Final_Signal,2024-10-21,2025-04-20,2025-04-21,2025-07-21,1,0,0.0,0.0
DNET,DNET.JK,Finansial,1,RSI,RSI14 30/70 + SMA50,RSI_Final_Signal,2024-10-21,2025-04-20,2025-04-21,2025-07-21,0,0,0.0,0.0
DNET,DNET.JK,Finansial,2,MA Crossover,SMA10/SMA50 + Volume >= 0.8 x VolMA20,MA_Final_Signal,2025-01-21,2025-07-20,2025-07-21,2025-10-21,2,2,100.0,100.0
DNET,DNET.JK,Finansial,2,MACD,MACD 12/26/9 + SMA50 + Histogram Threshold 0.10% + Volume >= VolMA20,MACD_Final_Signal,2025-01-21,2025-07-20,2025-07-21,2025-10-21,1,0,0.0,0.0
DNET,DNET.JK,Finansial,2,RSI,RSI14 30/70 + SMA50,RSI_Final_Signal,2025-01-21,2025-07-20,2025-07-21,2025-10-21,2,1,50.0,50.0
DNET,DNET.JK,Finansial,3,MA Crossover,SMA10/SMA50 + Volume >= 0.8 x VolMA20,MA_Final_Signal,2025-04-21,2025-10-20,2025-10-21,2026-01-21,1,0,0.0,0.0
DNET,DNET.JK,Finansial,3,MACD,MACD 12/26/9 + SMA50 + Histogram Threshold 0.10% + Volume >= VolMA20,MACD_Final_Signal,2025-04-21,2025-10-20,2025-10-21,2026-01-21,0,0,0.0,0.0
DNET,DNET.JK,Finansial,3,RSI,RSI14 30/70 + SMA50,RSI_Final_Signal,2025-04-21,2025-10-20,2025-10-21,2026-01-21,1,1,100.0,100.0
DNET,DNET.JK,Finansial,4,MA Crossover,SMA10/SMA50 + Volume >= 0.8 x VolMA20,MA_Final_Signal,2025-07-21,2026-01-20,2026-01-21,2026-04-21,2,0,0.0,0.0
DNET,DNET.JK,Finansial,4,MACD,MACD 12/26/9 + SMA50 + Histogram Threshold 0.10% + Volume >= VolMA20,MACD_Final_Signal,2025-07-21,2026-01-20,2026-01-21,2026-04-21,0,0,0.0,0.0
DNET,DNET.JK,Finansial,4,RSI,RSI14 30/70 + SMA50,RSI_Final_Signal,2025-07-21,2026-01-20,2026-01-21,2026-04-21,0,0,0.0,0.0
BBNI,BBNI.JK,Finansial,1,MA Crossover,SMA10/SMA50 + Volume >= 0.8 x VolMA20,MA_Final_Signal,2024-10-21,2025-04-20,2025-04-21,2025-07-21,1,1,100.0,100.0
BBNI,BBNI.JK,Finansial,1,MACD,MACD 12/26/9 + SMA50 + Histogram Threshold 0.10% + Volume >= VolMA20,MACD_Final_Signal,2024-10-21,2025-04-20,2025-04-21,2025-07-21,0,0,0.0,0.0
BBNI,BBNI.JK,Finansial,1,RSI,RSI14 30/70 + SMA50,RSI_Final_Signal,2024-10-21,2025-04-20,2025-04-21,2025-07-21,0,0,0.0,0.0
BBNI,BBNI.JK,Finansial,2,MA Crossover,SMA10/SMA50 + Volume >= 0.8 x VolMA20,MA_Final_Signal,2025-01-21,2025-07-20,2025-07-21,2025-10-21,1,1,100.0,100.0
BBNI,BBNI.JK,Finansial,2,MACD,MACD 12/26/9 + SMA50 + Histogram Threshold 0.10% + Volume >= VolMA20,MACD_Final_Signal,2025-01-21,2025-07-20,2025-07-21,2025-10-21,1,0,0.0,0.0
BBNI,BBNI.JK,Finansial,2,RSI,RSI14 30/70 + SMA50,RSI_Final_Signal,2025-01-21,2025-07-20,2025-07-21,2025-10-21,0,0,0.0,0.0
BBNI,BBNI.JK,Finansial,3,MA Crossover,SMA10/SMA50 + Volume >= 0.8 x VolMA20,MA_Final_Signal,2025-04-21,2025-10-20,2025-10-21,2026-01-21,1,1,100.0,100.0
BBNI,BBNI.JK,Finansial,3,MACD,MACD 12/26/9 + SMA50 + Histogram Threshold 0.10% + Volume >= VolMA20,MACD_Final_Signal,2025-04-21,2025-10-20,2025-10-21,2026-01-21,1,1,100.0,100.0
BBNI,BBNI.JK,Finansial,3,RSI,RSI14 30/70 + SMA50,RSI_Final_Signal,2025-04-21,2025-10-20,2025-10-21,2026-01-21,0,0,0.0,0.0
BBNI,BBNI.JK,Finansial,4,MA Crossover,SMA10/SMA50 + Volume >= 0.8 x VolMA20,MA_Final_Signal,2025-07-21,2026-01-20,2026-01-21,2026-04-21,2,0,0.0,0.0
BBNI,BBNI.JK,Finansial,4,MACD,MACD 12/26/9 + SMA50 + Histogram Threshold 0.10% + Volume >= VolMA20,MACD_Final_Signal,2025-07-21,2026-01-20,2026-01-21,2026-04-21,1,1,100.0,100.0
BBNI,BBNI.JK,Finansial,4,RSI,RSI14 30/70 + SMA50,RSI_Final_Signal,2025-07-21,2026-01-20,2026-01-21,2026-04-21,0,0,0.0,0.0
BNLI,BNLI.JK,Finansial,1,MA Crossover,SMA10/SMA50 + Volume >= 0.8 x VolMA20,MA_Final_Signal,2024-10-21,2025-04-20,2025-04-21,2025-07-21,1,0,0.0,0.0
BNLI,BNLI.JK,Finansial,1,MACD,MACD 12/26/9 + SMA50 + Histogram Threshold 0.10% + Volume >= VolMA20,MACD_Final_Signal,2024-10-21,2025-04-20,2025-04-21,2025-07-21,1,1,100.0,100.0
BNLI,BNLI.JK,Finansial,1,RSI,RSI14 30/70 + SMA50,RSI_Final_Signal,2024-10-21,2025-04-20,2025-04-21,2025-07-21,2,1,50.0,50.0
BNLI,BNLI.JK,Finansial,2,MA Crossover,SMA10/SMA50 + Volume >= 0.8 x VolMA20,MA_Final_Signal,2025-01-21,2025-07-20,2025-07-21,2025-10-21,0,0,0.0,0.0
BNLI,BNLI.JK,Finansial,2,MACD,MACD 12/26/9 + SMA50 + Histogram Threshold 0.10% + Volume >= VolMA20,MACD_Final_Signal,2025-01-21,2025-07-20,2025-07-21,2025-10-21,1,1,100.0,100.0
BNLI,BNLI.JK,Finansial,2,RSI,RSI14 30/70 + SMA50,RSI_Final_Signal,2025-01-21,2025-07-20,2025-07-21,2025-10-21,0,0,0.0,0.0
BNLI,BNLI.JK,Finansial,3,MA Crossover,SMA10/SMA50 + Volume >= 0.8 x VolMA20,MA_Final_Signal,2025-04-21,2025-10-20,2025-10-21,2026-01-21,1,1,100.0,100.0
BNLI,BNLI.JK,Finansial,3,MACD,MACD 12/26/9 + SMA50 + Histogram Threshold 0.10% + Volume >= VolMA20,MACD_Final_Signal,2025-04-21,2025-10-20,2025-10-21,2026-01-21,1,0,0.0,0.0
BNLI,BNLI.JK,Finansial,3,RSI,RSI14 30/70 + SMA50,RSI_Final_Signal,2025-04-21,2025-10-20,2025-10-21,2026-01-21,0,0,0.0,0.0
BNLI,BNLI.JK,Finansial,4,MA Crossover,SMA10/SMA50 + Volume >= 0.8 x VolMA20,MA_Final_Signal,2025-07-21,2026-01-20,2026-01-21,2026-04-21,1,1,100.0,100.0
BNLI,BNLI.JK,Finansial,4,MACD,MACD 12/26/9 + SMA50 + Histogram Threshold 0.10% + Volume >= VolMA20,MACD_Final_Signal,2025-07-21,2026-01-20,2026-01-21,2026-04-21,1,1,100.0,100.0
BNLI,BNLI.JK,Finansial,4,RSI,RSI14 30/70 + SMA50,RSI_Final_Signal,2025-07-21,2026-01-20,2026-01-21,2026-04-21,0,0,0.0,0.0
CASA,CASA.JK,Finansial,1,MA Crossover,SMA10/SMA50 + Volume >= 0.8 x VolMA20,MA_Final_Signal,2024-10-21,2025-04-20,2025-04-21,2025-07-21,0,0,0.0,0.0
CASA,CASA.JK,Finansial,1,MACD,MACD 12/26/9 + SMA50 + Histogram Threshold 0.10% + Volume >= VolMA20,MACD_Final_Signal,2024-10-21,2025-04-20,2025-04-21,2025-07-21,1,0,0.0,0.0
CASA,CASA.JK,Finansial,1,RSI,RSI14 30/70 + SMA50,RSI_Final_Signal,2024-10-21,2025-04-20,2025-04-21,2025-07-21,0,0,0.0,0.0
CASA,CASA.JK,Finansial,2,MA Crossover,SMA10/SMA50 + Volume >= 0.8 x VolMA20,MA_Final_Signal,2025-01-21,2025-07-20,2025-07-21,2025-10-21,1,1,100.0,100.0
CASA,CASA.JK,Finansial,2,MACD,MACD 12/26/9 + SMA50 + Histogram Threshold 0.10% + Volume >= VolMA20,MACD_Final_Signal,2025-01-21,2025-07-20,2025-07-21,2025-10-21,0,0,0.0,0.0
CASA,CASA.JK,Finansial,2,RSI,RSI14 30/70 + SMA50,RSI_Final_Signal,2025-01-21,2025-07-20,2025-07-21,2025-10-21,0,0,0.0,0.0
CASA,CASA.JK,Finansial,3,MA Crossover,SMA10/SMA50 + Volume >= 0.8 x VolMA20,MA_Final_Signal,2025-04-21,2025-10-20,2025-10-21,2026-01-21,1,1,100.0,100.0
CASA,CASA.JK,Finansial,3,MACD,MACD 12/26/9 + SMA50 + Histogram Threshold 0.10% + Volume >= VolMA20,MACD_Final_Signal,2025-04-21,2025-10-20,2025-10-21,2026-01-21,0,0,0.0,0.0
CASA,CASA.JK,Finansial,3,RSI,RSI14 30/70 + SMA50,RSI_Final_Signal,2025-04-21,2025-10-20,2025-10-21,2026-01-21,2,1,50.0,50.0
CASA,CASA.JK,Finansial,4,MA Crossover,SMA10/SMA50 + Volume >= 0.8 x VolMA20,MA_Final_Signal,2025-07-21,2026-01-20,2026-01-21,2026-04-21,0,0,0.0,0.0
CASA,CASA.JK,Finansial,4,MACD,MACD 12/26/9 + SMA50 + Histogram Threshold 0.10% + Volume >= VolMA20,MACD_Final_Signal,2025-07-21,2026-01-20,2026-01-21,2026-04-21,0,0,0.0,0.0
CASA,CASA.JK,Finansial,4,RSI,RSI14 30/70 + SMA50,RSI_Final_Signal,2025-07-21,2026-01-20,2026-01-21,2026-04-21,1,0,0.0,0.0
BRIS,BRIS.JK,Finansial,1,MA Crossover,SMA10/SMA50 + Volume >= 0.8 x VolMA20,MA_Final_Signal,2024-10-21,2025-04-20,2025-04-21,2025-07-21,1,1,100.0,100.0
BRIS,BRIS.JK,Finansial,1,MACD,MACD 12/26/9 + SMA50 + Histogram Threshold 0.10% + Volume >= VolMA20,MACD_Final_Signal,2024-10-21,2025-04-20,2025-04-21,2025-07-21,0,0,0.0,0.0
BRIS,BRIS.JK,Finansial,1,RSI,RSI14 30/70 + SMA50,RSI_Final_Signal,2024-10-21,2025-04-20,2025-04-21,2025-07-21,0,0,0.0,0.0
BRIS,BRIS.JK,Finansial,2,MA Crossover,SMA10/SMA50 + Volume >= 0.8 x VolMA20,MA_Final_Signal,2025-01-21,2025-07-20,2025-07-21,2025-10-21,1,0,0.0,0.0
BRIS,BRIS.JK,Finansial,2,MACD,MACD 12/26/9 + SMA50 + Histogram Threshold 0.10% + Volume >= VolMA20,MACD_Final_Signal,2025-01-21,2025-07-20,2025-07-21,2025-10-21,1,0,0.0,0.0
BRIS,BRIS.JK,Finansial,2,RSI,RSI14 30/70 + SMA50,RSI_Final_Signal,2025-01-21,2025-07-20,2025-07-21,2025-10-21,0,0,0.0,0.0
BRIS,BRIS.JK,Finansial,3,MA Crossover,SMA10/SMA50 + Volume >= 0.8 x VolMA20,MA_Final_Signal,2025-04-21,2025-10-20,2025-10-21,2026-01-21,0,0,0.0,0.0
BRIS,BRIS.JK,Finansial,3,MACD,MACD 12/26/9 + SMA50 + Histogram Threshold 0.10% + Volume >= VolMA20,MACD_Final_Signal,2025-04-21,2025-10-20,2025-10-21,2026-01-21,1,0,0.0,0.0
BRIS,BRIS.JK,Finansial,3,RSI,RSI14 30/70 + SMA50,RSI_Final_Signal,2025-04-21,2025-10-20,2025-10-21,2026-01-21,0,0,0.0,0.0
BRIS,BRIS.JK,Finansial,4,MA Crossover,SMA10/SMA50 + Volume >= 0.8 x VolMA20,MA_Final_Signal,2025-07-21,2026-01-20,2026-01-21,2026-04-21,1,1,100.0,100.0
BRIS,BRIS.JK,Finansial,4,MACD,MACD 12/26/9 + SMA50 + Histogram Threshold 0.10% + Volume >= VolMA20,MACD_Final_Signal,2025-07-21,2026-01-20,2026-01-21,2026-04-21,0,0,0.0,0.0
BRIS,BRIS.JK,Finansial,4,RSI,RSI14 30/70 + SMA50,RSI_Final_Signal,2025-07-21,2026-01-20,2026-01-21,2026-04-21,0,0,0.0,0.0
MEGA,MEGA.JK,Finansial,1,MA Crossover,SMA10/SMA50 + Volume >= 0.8 x VolMA20,MA_Final_Signal,2024-10-21,2025-04-20,2025-04-21,2025-07-21,2,1,50.0,50.0
MEGA,MEGA.JK,Finansial,1,MACD,MACD 12/26/9 + SMA50 + Histogram Threshold 0.10% + Volume >= VolMA20,MACD_Final_Signal,2024-10-21,2025-04-20,2025-04-21,2025-07-21,0,0,0.0,0.0
MEGA,MEGA.JK,Finansial,1,RSI,RSI14 30/70 + SMA50,RSI_Final_Signal,2024-10-21,2025-04-20,2025-04-21,2025-07-21,0,0,0.0,0.0
MEGA,MEGA.JK,Finansial,2,MA Crossover,SMA10/SMA50 + Volume >= 0.8 x VolMA20,MA_Final_Signal,2025-01-21,2025-07-20,2025-07-21,2025-10-21,2,1,50.0,50.0
MEGA,MEGA.JK,Finansial,2,MACD,MACD 12/26/9 + SMA50 + Histogram Threshold 0.10% + Volume >= VolMA20,MACD_Final_Signal,2025-01-21,2025-07-20,2025-07-21,2025-10-21,1,0,0.0,0.0
MEGA,MEGA.JK,Finansial,2,RSI,RSI14 30/70 + SMA50,RSI_Final_Signal,2025-01-21,2025-07-20,2025-07-21,2025-10-21,1,0,0.0,0.0
MEGA,MEGA.JK,Finansial,3,MA Crossover,SMA10/SMA50 + Volume >= 0.8 x VolMA20,MA_Final_Signal,2025-04-21,2025-10-20,2025-10-21,2026-01-21,2,1,50.0,50.0
MEGA,MEGA.JK,Finansial,3,MACD,MACD 12/26/9 + SMA50 + Histogram Threshold 0.10% + Volume >= VolMA20,MACD_Final_Signal,2025-04-21,2025-10-20,2025-10-21,2026-01-21,1,0,0.0,0.0
MEGA,MEGA.JK,Finansial,3,RSI,RSI14 30/70 + SMA50,RSI_Final_Signal,2025-04-21,2025-10-20,2025-10-21,2026-01-21,0,0,0.0,0.0
MEGA,MEGA.JK,Finansial,4,MA Crossover,SMA10/SMA50 + Volume >= 0.8 x VolMA20,MA_Final_Signal,2025-07-21,2026-01-20,2026-01-21,2026-04-21,2,1,50.0,50.0
MEGA,MEGA.JK,Finansial,4,MACD,MACD 12/26/9 + SMA50 + Histogram Threshold 0.10% + Volume >= VolMA20,MACD_Final_Signal,2025-07-21,2026-01-20,2026-01-21,2026-04-21,2,2,100.0,100.0
MEGA,MEGA.JK,Finansial,4,RSI,RSI14 30/70 + SMA50,RSI_Final_Signal,2025-07-21,2026-01-20,2026-01-21,2026-04-21,1,0,0.0,0.0
ASII,ASII.JK,Industri,1,MA Crossover,SMA10/SMA50 + Volume >= 0.8 x VolMA20,MA_Final_Signal,2024-10-21,2025-04-20,2025-04-21,2025-07-21,0,0,0.0,0.0
ASII,ASII.JK,Industri,1,MACD,MACD 12/26/9 + SMA50 + Histogram Threshold 0.10% + Volume >= VolMA20,MACD_Final_Signal,2024-10-21,2025-04-20,2025-04-21,2025-07-21,1,0,0.0,0.0
ASII,ASII.JK,Industri,1,RSI,RSI14 30/70 + SMA50,RSI_Final_Signal,2024-10-21,2025-04-20,2025-04-21,2025-07-21,0,0,0.0,0.0
ASII,ASII.JK,Industri,2,MA Crossover,SMA10/SMA50 + Volume >= 0.8 x VolMA20,MA_Final_Signal,2025-01-21,2025-07-20,2025-07-21,2025-10-21,0,0,0.0,0.0
ASII,ASII.JK,Industri,2,MACD,MACD 12/26/9 + SMA50 + Histogram Threshold 0.10% + Volume >= VolMA20,MACD_Final_Signal,2025-01-21,2025-07-20,2025-07-21,2025-10-21,2,1,50.0,50.0
ASII,ASII.JK,Industri,2,RSI,RSI14 30/70 + SMA50,RSI_Final_Signal,2025-01-21,2025-07-20,2025-07-21,2025-10-21,0,0,0.0,0.0
ASII,ASII.JK,Industri,3,MA Crossover,SMA10/SMA50 + Volume >= 0.8 x VolMA20,MA_Final_Signal,2025-04-21,2025-10-20,2025-10-21,2026-01-21,0,0,0.0,0.0
ASII,ASII.JK,Industri,3,MACD,MACD 12/26/9 + SMA50 + Histogram Threshold 0.10% + Volume >= VolMA20,MACD_Final_Signal,2025-04-21,2025-10-20,2025-10-21,2026-01-21,1,1,100.0,100.0
ASII,ASII.JK,Industri,3,RSI,RSI14 30/70 + SMA50,RSI_Final_Signal,2025-04-21,2025-10-20,2025-10-21,2026-01-21,0,0,0.0,0.0
ASII,ASII.JK,Industri,4,MA Crossover,SMA10/SMA50 + Volume >= 0.8 x VolMA20,MA_Final_Signal,2025-07-21,2026-01-20,2026-01-21,2026-04-21,1,0,0.0,0.0
ASII,ASII.JK,Industri,4,MACD,MACD 12/26/9 + SMA50 + Histogram Threshold 0.10% + Volume >= VolMA20,MACD_Final_Signal,2025-07-21,2026-01-20,2026-01-21,2026-04-21,3,0,0.0,0.0
ASII,ASII.JK,Industri,4,RSI,RSI14 30/70 + SMA50,RSI_Final_Signal,2025-07-21,2026-01-20,2026-01-21,2026-04-21,1,0,0.0,0.0
IMPC,IMPC.JK,Industri,1,MA Crossover,SMA10/SMA50 + Volume >= 0.8 x VolMA20,MA_Final_Signal,2024-10-21,2025-04-20,2025-04-21,2025-07-21,2,1,50.0,50.0
IMPC,IMPC.JK,Industri,1,MACD,MACD 12/26/9 + SMA50 + Histogram Threshold 0.10% + Volume >= VolMA20,MACD_Final_Signal,2024-10-21,2025-04-20,2025-04-21,2025-07-21,0,0,0.0,0.0
IMPC,IMPC.JK,Industri,1,RSI,RSI14 30/70 + SMA50,RSI_Final_Signal,2024-10-21,2025-04-20,2025-04-21,2025-07-21,0,0,0.0,0.0
IMPC,IMPC.JK,Industri,2,MA Crossover,SMA10/SMA50 + Volume >= 0.8 x VolMA20,MA_Final_Signal,2025-01-21,2025-07-20,2025-07-21,2025-10-21,1,1,100.0,100.0
IMPC,IMPC.JK,Industri,2,MACD,MACD 12/26/9 + SMA50 + Histogram Threshold 0.10% + Volume >= VolMA20,MACD_Final_Signal,2025-01-21,2025-07-20,2025-07-21,2025-10-21,0,0,0.0,0.0
IMPC,IMPC.JK,Industri,2,RSI,RSI14 30/70 + SMA50,RSI_Final_Signal,2025-01-21,2025-07-20,2025-07-21,2025-10-21,0,0,0.0,0.0
IMPC,IMPC.JK,Industri,3,MA Crossover,SMA10/SMA50 + Volume >= 0.8 x VolMA20,MA_Final_Signal,2025-04-21,2025-10-20,2025-10-21,2026-01-21,0,0,0.0,0.0
IMPC,IMPC.JK,Industri,3,MACD,MACD 12/26/9 + SMA50 + Histogram Threshold 0.10% + Volume >= VolMA20,MACD_Final_Signal,2025-04-21,2025-10-20,2025-10-21,2026-01-21,1,0,0.0,0.0
IMPC,IMPC.JK,Industri,3,RSI,RSI14 30/70 + SMA50,RSI_Final_Signal,2025-04-21,2025-10-20,2025-10-21,2026-01-21,0,0,0.0,0.0
IMPC,IMPC.JK,Industri,4,MA Crossover,SMA10/SMA50 + Volume >= 0.8 x VolMA20,MA_Final_Signal,2025-07-21,2026-01-20,2026-01-21,2026-04-21,2,1,50.0,50.0
IMPC,IMPC.JK,Industri,4,MACD,MACD 12/26/9 + SMA50 + Histogram Threshold 0.10% + Volume >= VolMA20,MACD_Final_Signal,2025-07-21,2026-01-20,2026-01-21,2026-04-21,0,0,0.0,0.0
IMPC,IMPC.JK,Industri,4,RSI,RSI14 30/70 + SMA50,RSI_Final_Signal,2025-07-21,2026-01-20,2026-01-21,2026-04-21,0,0,0.0,0.0
UNTR,UNTR.JK,Industri,1,MA Crossover,SMA10/SMA50 + Volume >= 0.8 x VolMA20,MA_Final_Signal,2024-10-21,2025-04-20,2025-04-21,2025-07-21,0,0,0.0,0.0
UNTR,UNTR.JK,Industri,1,MACD,MACD 12/26/9 + SMA50 + Histogram Threshold 0.10% + Volume >= VolMA20,MACD_Final_Signal,2024-10-21,2025-04-20,2025-04-21,2025-07-21,2,0,0.0,0.0
UNTR,UNTR.JK,Industri,1,RSI,RSI14 30/70 + SMA50,RSI_Final_Signal,2024-10-21,2025-04-20,2025-04-21,2025-07-21,1,1,100.0,100.0
UNTR,UNTR.JK,Industri,2,MA Crossover,SMA10/SMA50 + Volume >= 0.8 x VolMA20,MA_Final_Signal,2025-01-21,2025-07-20,2025-07-21,2025-10-21,0,0,0.0,0.0
UNTR,UNTR.JK,Industri,2,MACD,MACD 12/26/9 + SMA50 + Histogram Threshold 0.10% + Volume >= VolMA20,MACD_Final_Signal,2025-01-21,2025-07-20,2025-07-21,2025-10-21,0,0,0.0,0.0
UNTR,UNTR.JK,Industri,2,RSI,RSI14 30/70 + SMA50,RSI_Final_Signal,2025-01-21,2025-07-20,2025-07-21,2025-10-21,0,0,0.0,0.0
UNTR,UNTR.JK,Industri,3,MA Crossover,SMA10/SMA50 + Volume >= 0.8 x VolMA20,MA_Final_Signal,2025-04-21,2025-10-20,2025-10-21,2026-01-21,0,0,0.0,0.0
UNTR,UNTR.JK,Industri,3,MACD,MACD 12/26/9 + SMA50 + Histogram Threshold 0.10% + Volume >= VolMA20,MACD_Final_Signal,2025-04-21,2025-10-20,2025-10-21,2026-01-21,0,0,0.0,0.0
UNTR,UNTR.JK,Industri,3,RSI,RSI14 30/70 + SMA50,RSI_Final_Signal,2025-04-21,2025-10-20,2025-10-21,2026-01-21,0,0,0.0,0.0
UNTR,UNTR.JK,Industri,4,MA Crossover,SMA10/SMA50 + Volume >= 0.8 x VolMA20,MA_Final_Signal,2025-07-21,2026-01-20,2026-01-21,2026-04-21,1,1,100.0,100.0
UNTR,UNTR.JK,Industri,4,MACD,MACD 12/26/9 + SMA50 + Histogram Threshold 0.10% + Volume >= VolMA20,MACD_Final_Signal,2025-07-21,2026-01-20,2026-01-21,2026-04-21,2,1,50.0,50.0
UNTR,UNTR.JK,Industri,4,RSI,RSI14 30/70 + SMA50,RSI_Final_Signal,2025-07-21,2026-01-20,2026-01-21,2026-04-21,1,0,0.0,0.0
BNBR,BNBR.JK,Industri,1,MA Crossover,SMA10/SMA50 + Volume >= 0.8 x VolMA20,MA_Final_Signal,2024-10-21,2025-04-20,2025-04-21,2025-07-21,1,0,0.0,0.0
BNBR,BNBR.JK,Industri,1,MACD,MACD 12/26/9 + SMA50 + Histogram Threshold 0.10% + Volume >= VolMA20,MACD_Final_Signal,2024-10-21,2025-04-20,2025-04-21,2025-07-21,0,0,0.0,0.0
BNBR,BNBR.JK,Industri,1,RSI,RSI14 30/70 + SMA50,RSI_Final_Signal,2024-10-21,2025-04-20,2025-04-21,2025-07-21,0,0,0.0,0.0
BNBR,BNBR.JK,Industri,2,MA Crossover,SMA10/SMA50 + Volume >= 0.8 x VolMA20,MA_Final_Signal,2025-01-21,2025-07-20,2025-07-21,2025-10-21,1,1,100.0,100.0
BNBR,BNBR.JK,Industri,2,MACD,MACD 12/26/9 + SMA50 + Histogram Threshold 0.10% + Volume >= VolMA20,MACD_Final_Signal,2025-01-21,2025-07-20,2025-07-21,2025-10-21,0,0,0.0,0.0
BNBR,BNBR.JK,Industri,2,RSI,RSI14 30/70 + SMA50,RSI_Final_Signal,2025-01-21,2025-07-20,2025-07-21,2025-10-21,0,0,0.0,0.0
BNBR,BNBR.JK,Industri,3,MA Crossover,SMA10/SMA50 + Volume >= 0.8 x VolMA20,MA_Final_Signal,2025-04-21,2025-10-20,2025-10-21,2026-01-21,1,1,100.0,100.0
BNBR,BNBR.JK,Industri,3,MACD,MACD 12/26/9 + SMA50 + Histogram Threshold 0.10% + Volume >= VolMA20,MACD_Final_Signal,2025-04-21,2025-10-20,2025-10-21,2026-01-21,0,0,0.0,0.0
BNBR,BNBR.JK,Industri,3,RSI,RSI14 30/70 + SMA50,RSI_Final_Signal,2025-04-21,2025-10-20,2025-10-21,2026-01-21,0,0,0.0,0.0
BNBR,BNBR.JK,Industri,4,MA Crossover,SMA10/SMA50 + Volume >= 0.8 x VolMA20,MA_Final_Signal,2025-07-21,2026-01-20,2026-01-21,2026-04-21,2,1,50.0,50.0
BNBR,BNBR.JK,Industri,4,MACD,MACD 12/26/9 + SMA50 + Histogram Threshold 0.10% + Volume >= VolMA20,MACD_Final_Signal,2025-07-21,2026-01-20,2026-01-21,2026-04-21,1,1,100.0,100.0
BNBR,BNBR.JK,Industri,4,RSI,RSI14 30/70 + SMA50,RSI_Final_Signal,2025-07-21,2026-01-20,2026-01-21,2026-04-21,0,0,0.0,0.0
SUNI,SUNI.JK,Industri,1,MA Crossover,SMA10/SMA50 + Volume >= 0.8 x VolMA20,MA_Final_Signal,2024-10-21,2025-04-20,2025-04-21,2025-07-21,2,1,50.0,50.0
SUNI,SUNI.JK,Industri,1,MACD,MACD 12/26/9 + SMA50 + Histogram Threshold 0.10% + Volume >= VolMA20,MACD_Final_Signal,2024-10-21,2025-04-20,2025-04-21,2025-07-21,1,0,0.0,0.0
SUNI,SUNI.JK,Industri,1,RSI,RSI14 30/70 + SMA50,RSI_Final_Signal,2024-10-21,2025-04-20,2025-04-21,2025-07-21,0,0,0.0,0.0
SUNI,SUNI.JK,Industri,2,MA Crossover,SMA10/SMA50 + Volume >= 0.8 x VolMA20,MA_Final_Signal,2025-01-21,2025-07-20,2025-07-21,2025-10-21,0,0,0.0,0.0
SUNI,SUNI.JK,Industri,2,MACD,MACD 12/26/9 + SMA50 + Histogram Threshold 0.10% + Volume >= VolMA20,MACD_Final_Signal,2025-01-21,2025-07-20,2025-07-21,2025-10-21,1,0,0.0,0.0
SUNI,SUNI.JK,Industri,2,RSI,RSI14 30/70 + SMA50,RSI_Final_Signal,2025-01-21,2025-07-20,2025-07-21,2025-10-21,1,1,100.0,100.0
SUNI,SUNI.JK,Industri,3,MA Crossover,SMA10/SMA50 + Volume >= 0.8 x VolMA20,MA_Final_Signal,2025-04-21,2025-10-20,2025-10-21,2026-01-21,1,1,100.0,100.0
SUNI,SUNI.JK,Industri,3,MACD,MACD 12/26/9 + SMA50 + Histogram Threshold 0.10% + Volume >= VolMA20,MACD_Final_Signal,2025-04-21,2025-10-20,2025-10-21,2026-01-21,1,0,0.0,0.0
SUNI,SUNI.JK,Industri,3,RSI,RSI14 30/70 + SMA50,RSI_Final_Signal,2025-04-21,2025-10-20,2025-10-21,2026-01-21,1,1,100.0,100.0
SUNI,SUNI.JK,Industri,4,MA Crossover,SMA10/SMA50 + Volume >= 0.8 x VolMA20,MA_Final_Signal,2025-07-21,2026-01-20,2026-01-21,2026-04-21,2,1,50.0,50.0
SUNI,SUNI.JK,Industri,4,MACD,MACD 12/26/9 + SMA50 + Histogram Threshold 0.10% + Volume >= VolMA20,MACD_Final_Signal,2025-07-21,2026-01-20,2026-01-21,2026-04-21,0,0,0.0,0.0
SUNI,SUNI.JK,Industri,4,RSI,RSI14 30/70 + SMA50,RSI_Final_Signal,2025-07-21,2026-01-20,2026-01-21,2026-04-21,1,0,0.0,0.0
JTPE,JTPE.JK,Industri,1,MA Crossover,SMA10/SMA50 + Volume >= 0.8 x VolMA20,MA_Final_Signal,2024-10-21,2025-04-20,2025-04-21,2025-07-21,1,0,0.0,0.0
JTPE,JTPE.JK,Industri,1,MACD,MACD 12/26/9 + SMA50 + Histogram Threshold 0.10% + Volume >= VolMA20,MACD_Final_Signal,2024-10-21,2025-04-20,2025-04-21,2025-07-21,1,1,100.0,100.0
JTPE,JTPE.JK,Industri,1,RSI,RSI14 30/70 + SMA50,RSI_Final_Signal,2024-10-21,2025-04-20,2025-04-21,2025-07-21,1,1,100.0,100.0
JTPE,JTPE.JK,Industri,2,MA Crossover,SMA10/SMA50 + Volume >= 0.8 x VolMA20,MA_Final_Signal,2025-01-21,2025-07-20,2025-07-21,2025-10-21,0,0,0.0,0.0
JTPE,JTPE.JK,Industri,2,MACD,MACD 12/26/9 + SMA50 + Histogram Threshold 0.10% + Volume >= VolMA20,MACD_Final_Signal,2025-01-21,2025-07-20,2025-07-21,2025-10-21,0,0,0.0,0.0
JTPE,JTPE.JK,Industri,2,RSI,RSI14 30/70 + SMA50,RSI_Final_Signal,2025-01-21,2025-07-20,2025-07-21,2025-10-21,0,0,0.0,0.0
JTPE,JTPE.JK,Industri,3,MA Crossover,SMA10/SMA50 + Volume >= 0.8 x VolMA20,MA_Final_Signal,2025-04-21,2025-10-20,2025-10-21,2026-01-21,0,0,0.0,0.0
JTPE,JTPE.JK,Industri,3,MACD,MACD 12/26/9 + SMA50 + Histogram Threshold 0.10% + Volume >= VolMA20,MACD_Final_Signal,2025-04-21,2025-10-20,2025-10-21,2026-01-21,0,0,0.0,0.0
JTPE,JTPE.JK,Industri,3,RSI,RSI14 30/70 + SMA50,RSI_Final_Signal,2025-04-21,2025-10-20,2025-10-21,2026-01-21,0,0,0.0,0.0
JTPE,JTPE.JK,Industri,4,MA Crossover,SMA10/SMA50 + Volume >= 0.8 x VolMA20,MA_Final_Signal,2025-07-21,2026-01-20,2026-01-21,2026-04-21,1,0,0.0,0.0
JTPE,JTPE.JK,Industri,4,MACD,MACD 12/26/9 + SMA50 + Histogram Threshold 0.10% + Volume >= VolMA20,MACD_Final_Signal,2025-07-21,2026-01-20,2026-01-21,2026-04-21,2,0,0.0,0.0
JTPE,JTPE.JK,Industri,4,RSI,RSI14 30/70 + SMA50,RSI_Final_Signal,2025-07-21,2026-01-20,2026-01-21,2026-04-21,0,0,0.0,0.0
HEXA,HEXA.JK,Industri,1,MA Crossover,SMA10/SMA50 + Volume >= 0.8 x VolMA20,MA_Final_Signal,2024-10-21,2025-04-20,2025-04-21,2025-07-21,0,0,0.0,0.0
HEXA,HEXA.JK,Industri,1,MACD,MACD 12/26/9 + SMA50 + Histogram Threshold 0.10% + Volume >= VolMA20,MACD_Final_Signal,2024-10-21,2025-04-20,2025-04-21,2025-07-21,1,1,100.0,100.0
HEXA,HEXA.JK,Industri,1,RSI,RSI14 30/70 + SMA50,RSI_Final_Signal,2024-10-21,2025-04-20,2025-04-21,2025-07-21,2,0,0.0,0.0
HEXA,HEXA.JK,Industri,2,MA Crossover,SMA10/SMA50 + Volume >= 0.8 x VolMA20,MA_Final_Signal,2025-01-21,2025-07-20,2025-07-21,2025-10-21,1,1,100.0,100.0
HEXA,HEXA.JK,Industri,2,MACD,MACD 12/26/9 + SMA50 + Histogram Threshold 0.10% + Volume >= VolMA20,MACD_Final_Signal,2025-01-21,2025-07-20,2025-07-21,2025-10-21,0,0,0.0,0.0
HEXA,HEXA.JK,Industri,2,RSI,RSI14 30/70 + SMA50,RSI_Final_Signal,2025-01-21,2025-07-20,2025-07-21,2025-10-21,0,0,0.0,0.0
HEXA,HEXA.JK,Industri,3,MA Crossover,SMA10/SMA50 + Volume >= 0.8 x VolMA20,MA_Final_Signal,2025-04-21,2025-10-20,2025-10-21,2026-01-21,0,0,0.0,0.0
HEXA,HEXA.JK,Industri,3,MACD,MACD 12/26/9 + SMA50 + Histogram Threshold 0.10% + Volume >= VolMA20,MACD_Final_Signal,2025-04-21,2025-10-20,2025-10-21,2026-01-21,0,0,0.0,0.0
HEXA,HEXA.JK,Industri,3,RSI,RSI14 30/70 + SMA50,RSI_Final_Signal,2025-04-21,2025-10-20,2025-10-21,2026-01-21,2,1,50.0,50.0
HEXA,HEXA.JK,Industri,4,MA Crossover,SMA10/SMA50 + Volume >= 0.8 x VolMA20,MA_Final_Signal,2025-07-21,2026-01-20,2026-01-21,2026-04-21,2,1,50.0,50.0
HEXA,HEXA.JK,Industri,4,MACD,MACD 12/26/9 + SMA50 + Histogram Threshold 0.10% + Volume >= VolMA20,MACD_Final_Signal,2025-07-21,2026-01-20,2026-01-21,2026-04-21,1,1,100.0,100.0
HEXA,HEXA.JK,Industri,4,RSI,RSI14 30/70 + SMA50,RSI_Final_Signal,2025-07-21,2026-01-20,2026-01-21,2026-04-21,1,0,0.0,0.0
VISI,VISI.JK,Industri,1,MA Crossover,SMA10/SMA50 + Volume >= 0.8 x VolMA20,MA_Final_Signal,2024-10-21,2025-04-20,2025-04-21,2025-07-21,0,0,0.0,0.0
VISI,VISI.JK,Industri,1,MACD,MACD 12/26/9 + SMA50 + Histogram Threshold 0.10% + Volume >= VolMA20,MACD_Final_Signal,2024-10-21,2025-04-20,2025-04-21,2025-07-21,0,0,0.0,0.0
VISI,VISI.JK,Industri,1,RSI,RSI14 30/70 + SMA50,RSI_Final_Signal,2024-10-21,2025-04-20,2025-04-21,2025-07-21,1,0,0.0,0.0
VISI,VISI.JK,Industri,2,MA Crossover,SMA10/SMA50 + Volume >= 0.8 x VolMA20,MA_Final_Signal,2025-01-21,2025-07-20,2025-07-21,2025-10-21,3,1,33.33333333333333,33.33333333333333
VISI,VISI.JK,Industri,2,MACD,MACD 12/26/9 + SMA50 + Histogram Threshold 0.10% + Volume >= VolMA20,MACD_Final_Signal,2025-01-21,2025-07-20,2025-07-21,2025-10-21,2,1,50.0,50.0
VISI,VISI.JK,Industri,2,RSI,RSI14 30/70 + SMA50,RSI_Final_Signal,2025-01-21,2025-07-20,2025-07-21,2025-10-21,0,0,0.0,0.0
VISI,VISI.JK,Industri,3,MA Crossover,SMA10/SMA50 + Volume >= 0.8 x VolMA20,MA_Final_Signal,2025-04-21,2025-10-20,2025-10-21,2026-01-21,1,1,100.0,100.0
VISI,VISI.JK,Industri,3,MACD,MACD 12/26/9 + SMA50 + Histogram Threshold 0.10% + Volume >= VolMA20,MACD_Final_Signal,2025-04-21,2025-10-20,2025-10-21,2026-01-21,0,0,0.0,0.0
VISI,VISI.JK,Industri,3,RSI,RSI14 30/70 + SMA50,RSI_Final_Signal,2025-04-21,2025-10-20,2025-10-21,2026-01-21,0,0,0.0,0.0
VISI,VISI.JK,Industri,4,MA Crossover,SMA10/SMA50 + Volume >= 0.8 x VolMA20,MA_Final_Signal,2025-07-21,2026-01-20,2026-01-21,2026-04-21,0,0,0.0,0.0
VISI,VISI.JK,Industri,4,MACD,MACD 12/26/9 + SMA50 + Histogram Threshold 0.10% + Volume >= VolMA20,MACD_Final_Signal,2025-07-21,2026-01-20,2026-01-21,2026-04-21,0,0,0.0,0.0
VISI,VISI.JK,Industri,4,RSI,RSI14 30/70 + SMA50,RSI_Final_Signal,2025-07-21,2026-01-20,2026-01-21,2026-04-21,2,1,50.0,50.0
MARK,MARK.JK,Industri,1,MA Crossover,SMA10/SMA50 + Volume >= 0.8 x VolMA20,MA_Final_Signal,2024-10-21,2025-04-20,2025-04-21,2025-07-21,0,0,0.0,0.0
MARK,MARK.JK,Industri,1,MACD,MACD 12/26/9 + SMA50 + Histogram Threshold 0.10% + Volume >= VolMA20,MACD_Final_Signal,2024-10-21,2025-04-20,2025-04-21,2025-07-21,0,0,0.0,0.0
MARK,MARK.JK,Industri,1,RSI,RSI14 30/70 + SMA50,RSI_Final_Signal,2024-10-21,2025-04-20,2025-04-21,2025-07-21,0,0,0.0,0.0
MARK,MARK.JK,Industri,2,MA Crossover,SMA10/SMA50 + Volume >= 0.8 x VolMA20,MA_Final_Signal,2025-01-21,2025-07-20,2025-07-21,2025-10-21,0,0,0.0,0.0
MARK,MARK.JK,Industri,2,MACD,MACD 12/26/9 + SMA50 + Histogram Threshold 0.10% + Volume >= VolMA20,MACD_Final_Signal,2025-01-21,2025-07-20,2025-07-21,2025-10-21,1,0,0.0,0.0
MARK,MARK.JK,Industri,2,RSI,RSI14 30/70 + SMA50,RSI_Final_Signal,2025-01-21,2025-07-20,2025-07-21,2025-10-21,0,0,0.0,0.0
MARK,MARK.JK,Industri,3,MA Crossover,SMA10/SMA50 + Volume >= 0.8 x VolMA20,MA_Final_Signal,2025-04-21,2025-10-20,2025-10-21,2026-01-21,1,1,100.0,100.0
MARK,MARK.JK,Industri,3,MACD,MACD 12/26/9 + SMA50 + Histogram Threshold 0.10% + Volume >= VolMA20,MACD_Final_Signal,2025-04-21,2025-10-20,2025-10-21,2026-01-21,1,1,100.0,100.0
MARK,MARK.JK,Industri,3,RSI,RSI14 30/70 + SMA50,RSI_Final_Signal,2025-04-21,2025-10-20,2025-10-21,2026-01-21,0,0,0.0,0.0
MARK,MARK.JK,Industri,4,MA Crossover,SMA10/SMA50 + Volume >= 0.8 x VolMA20,MA_Final_Signal,2025-07-21,2026-01-20,2026-01-21,2026-04-21,0,0,0.0,0.0
MARK,MARK.JK,Industri,4,MACD,MACD 12/26/9 + SMA50 + Histogram Threshold 0.10% + Volume >= VolMA20,MACD_Final_Signal,2025-07-21,2026-01-20,2026-01-21,2026-04-21,0,0,0.0,0.0
MARK,MARK.JK,Industri,4,RSI,RSI14 30/70 + SMA50,RSI_Final_Signal,2025-07-21,2026-01-20,2026-01-21,2026-04-21,0,0,0.0,0.0
ARNA,ARNA.JK,Industri,1,MA Crossover,SMA10/SMA50 + Volume >= 0.8 x VolMA20,MA_Final_Signal,2024-10-21,2025-04-20,2025-04-21,2025-07-21,1,0,0.0,0.0
ARNA,ARNA.JK,Industri,1,MACD,MACD 12/26/9 + SMA50 + Histogram Threshold 0.10% + Volume >= VolMA20,MACD_Final_Signal,2024-10-21,2025-04-20,2025-04-21,2025-07-21,1,1,100.0,100.0
ARNA,ARNA.JK,Industri,1,RSI,RSI14 30/70 + SMA50,RSI_Final_Signal,2024-10-21,2025-04-20,2025-04-21,2025-07-21,1,1,100.0,100.0
ARNA,ARNA.JK,Industri,2,MA Crossover,SMA10/SMA50 + Volume >= 0.8 x VolMA20,MA_Final_Signal,2025-01-21,2025-07-20,2025-07-21,2025-10-21,0,0,0.0,0.0
ARNA,ARNA.JK,Industri,2,MACD,MACD 12/26/9 + SMA50 + Histogram Threshold 0.10% + Volume >= VolMA20,MACD_Final_Signal,2025-01-21,2025-07-20,2025-07-21,2025-10-21,1,0,0.0,0.0
ARNA,ARNA.JK,Industri,2,RSI,RSI14 30/70 + SMA50,RSI_Final_Signal,2025-01-21,2025-07-20,2025-07-21,2025-10-21,0,0,0.0,0.0
ARNA,ARNA.JK,Industri,3,MA Crossover,SMA10/SMA50 + Volume >= 0.8 x VolMA20,MA_Final_Signal,2025-04-21,2025-10-20,2025-10-21,2026-01-21,1,0,0.0,0.0
ARNA,ARNA.JK,Industri,3,MACD,MACD 12/26/9 + SMA50 + Histogram Threshold 0.10% + Volume >= VolMA20,MACD_Final_Signal,2025-04-21,2025-10-20,2025-10-21,2026-01-21,1,0,0.0,0.0
ARNA,ARNA.JK,Industri,3,RSI,RSI14 30/70 + SMA50,RSI_Final_Signal,2025-04-21,2025-10-20,2025-10-21,2026-01-21,1,0,0.0,0.0
ARNA,ARNA.JK,Industri,4,MA Crossover,SMA10/SMA50 + Volume >= 0.8 x VolMA20,MA_Final_Signal,2025-07-21,2026-01-20,2026-01-21,2026-04-21,2,0,0.0,0.0
ARNA,ARNA.JK,Industri,4,MACD,MACD 12/26/9 + SMA50 + Histogram Threshold 0.10% + Volume >= VolMA20,MACD_Final_Signal,2025-07-21,2026-01-20,2026-01-21,2026-04-21,3,1,33.33333333333333,33.33333333333333
ARNA,ARNA.JK,Industri,4,RSI,RSI14 30/70 + SMA50,RSI_Final_Signal,2025-07-21,2026-01-20,2026-01-21,2026-04-21,1,0,0.0,0.0
DCII,DCII.JK,Teknologi,1,MA Crossover,SMA10/SMA50 + Volume >= 0.8 x VolMA20,MA_Final_Signal,2024-10-21,2025-04-20,2025-04-21,2025-07-21,0,0,0.0,0.0
DCII,DCII.JK,Teknologi,1,MACD,MACD 12/26/9 + SMA50 + Histogram Threshold 0.10% + Volume >= VolMA20,MACD_Final_Signal,2024-10-21,2025-04-20,2025-04-21,2025-07-21,0,0,0.0,0.0
DCII,DCII.JK,Teknologi,1,RSI,RSI14 30/70 + SMA50,RSI_Final_Signal,2024-10-21,2025-04-20,2025-04-21,2025-07-21,1,0,0.0,0.0
DCII,DCII.JK,Teknologi,2,MA Crossover,SMA10/SMA50 + Volume >= 0.8 x VolMA20,MA_Final_Signal,2025-01-21,2025-07-20,2025-07-21,2025-10-21,0,0,0.0,0.0
DCII,DCII.JK,Teknologi,2,MACD,MACD 12/26/9 + SMA50 + Histogram Threshold 0.10% + Volume >= VolMA20,MACD_Final_Signal,2025-01-21,2025-07-20,2025-07-21,2025-10-21,0,0,0.0,0.0
DCII,DCII.JK,Teknologi,2,RSI,RSI14 30/70 + SMA50,RSI_Final_Signal,2025-01-21,2025-07-20,2025-07-21,2025-10-21,2,2,100.0,100.0
DCII,DCII.JK,Teknologi,3,MA Crossover,SMA10/SMA50 + Volume >= 0.8 x VolMA20,MA_Final_Signal,2025-04-21,2025-10-20,2025-10-21,2026-01-21,0,0,0.0,0.0
DCII,DCII.JK,Teknologi,3,MACD,MACD 12/26/9 + SMA50 + Histogram Threshold 0.10% + Volume >= VolMA20,MACD_Final_Signal,2025-04-21,2025-10-20,2025-10-21,2026-01-21,2,0,0.0,0.0
DCII,DCII.JK,Teknologi,3,RSI,RSI14 30/70 + SMA50,RSI_Final_Signal,2025-04-21,2025-10-20,2025-10-21,2026-01-21,1,1,100.0,100.0
DCII,DCII.JK,Teknologi,4,MA Crossover,SMA10/SMA50 + Volume >= 0.8 x VolMA20,MA_Final_Signal,2025-07-21,2026-01-20,2026-01-21,2026-04-21,0,0,0.0,0.0
DCII,DCII.JK,Teknologi,4,MACD,MACD 12/26/9 + SMA50 + Histogram Threshold 0.10% + Volume >= VolMA20,MACD_Final_Signal,2025-07-21,2026-01-20,2026-01-21,2026-04-21,2,0,0.0,0.0
DCII,DCII.JK,Teknologi,4,RSI,RSI14 30/70 + SMA50,RSI_Final_Signal,2025-07-21,2026-01-20,2026-01-21,2026-04-21,0,0,0.0,0.0
GOTO,GOTO.JK,Teknologi,1,MA Crossover,SMA10/SMA50 + Volume >= 0.8 x VolMA20,MA_Final_Signal,2024-10-21,2025-04-20,2025-04-21,2025-07-21,1,0,0.0,0.0
GOTO,GOTO.JK,Teknologi,1,MACD,MACD 12/26/9 + SMA50 + Histogram Threshold 0.10% + Volume >= VolMA20,MACD_Final_Signal,2024-10-21,2025-04-20,2025-04-21,2025-07-21,2,1,50.0,50.0
GOTO,GOTO.JK,Teknologi,1,RSI,RSI14 30/70 + SMA50,RSI_Final_Signal,2024-10-21,2025-04-20,2025-04-21,2025-07-21,0,0,0.0,0.0
GOTO,GOTO.JK,Teknologi,2,MA Crossover,SMA10/SMA50 + Volume >= 0.8 x VolMA20,MA_Final_Signal,2025-01-21,2025-07-20,2025-07-21,2025-10-21,1,0,0.0,0.0
GOTO,GOTO.JK,Teknologi,2,MACD,MACD 12/26/9 + SMA50 + Histogram Threshold 0.10% + Volume >= VolMA20,MACD_Final_Signal,2025-01-21,2025-07-20,2025-07-21,2025-10-21,1,0,0.0,0.0
GOTO,GOTO.JK,Teknologi,2,RSI,RSI14 30/70 + SMA50,RSI_Final_Signal,2025-01-21,2025-07-20,2025-07-21,2025-10-21,0,0,0.0,0.0
GOTO,GOTO.JK,Teknologi,3,MA Crossover,SMA10/SMA50 + Volume >= 0.8 x VolMA20,MA_Final_Signal,2025-04-21,2025-10-20,2025-10-21,2026-01-21,0,0,0.0,0.0
GOTO,GOTO.JK,Teknologi,3,MACD,MACD 12/26/9 + SMA50 + Histogram Threshold 0.10% + Volume >= VolMA20,MACD_Final_Signal,2025-04-21,2025-10-20,2025-10-21,2026-01-21,1,0,0.0,0.0
GOTO,GOTO.JK,Teknologi,3,RSI,RSI14 30/70 + SMA50,RSI_Final_Signal,2025-04-21,2025-10-20,2025-10-21,2026-01-21,0,0,0.0,0.0
GOTO,GOTO.JK,Teknologi,4,MA Crossover,SMA10/SMA50 + Volume >= 0.8 x VolMA20,MA_Final_Signal,2025-07-21,2026-01-20,2026-01-21,2026-04-21,1,0,0.0,0.0
GOTO,GOTO.JK,Teknologi,4,MACD,MACD 12/26/9 + SMA50 + Histogram Threshold 0.10% + Volume >= VolMA20,MACD_Final_Signal,2025-07-21,2026-01-20,2026-01-21,2026-04-21,0,0,0.0,0.0
GOTO,GOTO.JK,Teknologi,4,RSI,RSI14 30/70 + SMA50,RSI_Final_Signal,2025-07-21,2026-01-20,2026-01-21,2026-04-21,0,0,0.0,0.0
BELI,BELI.JK,Teknologi,1,MA Crossover,SMA10/SMA50 + Volume >= 0.8 x VolMA20,MA_Final_Signal,2024-10-21,2025-04-20,2025-04-21,2025-07-21,0,0,0.0,0.0
BELI,BELI.JK,Teknologi,1,MACD,MACD 12/26/9 + SMA50 + Histogram Threshold 0.10% + Volume >= VolMA20,MACD_Final_Signal,2024-10-21,2025-04-20,2025-04-21,2025-07-21,0,0,0.0,0.0
BELI,BELI.JK,Teknologi,1,RSI,RSI14 30/70 + SMA50,RSI_Final_Signal,2024-10-21,2025-04-20,2025-04-21,2025-07-21,0,0,0.0,0.0
BELI,BELI.JK,Teknologi,2,MA Crossover,SMA10/SMA50 + Volume >= 0.8 x VolMA20,MA_Final_Signal,2025-01-21,2025-07-20,2025-07-21,2025-10-21,0,0,0.0,0.0
BELI,BELI.JK,Teknologi,2,MACD,MACD 12/26/9 + SMA50 + Histogram Threshold 0.10% + Volume >= VolMA20,MACD_Final_Signal,2025-01-21,2025-07-20,2025-07-21,2025-10-21,0,0,0.0,0.0
BELI,BELI.JK,Teknologi,2,RSI,RSI14 30/70 + SMA50,RSI_Final_Signal,2025-01-21,2025-07-20,2025-07-21,2025-10-21,0,0,0.0,0.0
BELI,BELI.JK,Teknologi,3,MA Crossover,SMA10/SMA50 + Volume >= 0.8 x VolMA20,MA_Final_Signal,2025-04-21,2025-10-20,2025-10-21,2026-01-21,0,0,0.0,0.0
BELI,BELI.JK,Teknologi,3,MACD,MACD 12/26/9 + SMA50 + Histogram Threshold 0.10% + Volume >= VolMA20,MACD_Final_Signal,2025-04-21,2025-10-20,2025-10-21,2026-01-21,0,0,0.0,0.0
BELI,BELI.JK,Teknologi,3,RSI,RSI14 30/70 + SMA50,RSI_Final_Signal,2025-04-21,2025-10-20,2025-10-21,2026-01-21,0,0,0.0,0.0
BELI,BELI.JK,Teknologi,4,MA Crossover,SMA10/SMA50 + Volume >= 0.8 x VolMA20,MA_Final_Signal,2025-07-21,2026-01-20,2026-01-21,2026-04-21,1,1,100.0,100.0
BELI,BELI.JK,Teknologi,4,MACD,MACD 12/26/9 + SMA50 + Histogram Threshold 0.10% + Volume >= VolMA20,MACD_Final_Signal,2025-07-21,2026-01-20,2026-01-21,2026-04-21,0,0,0.0,0.0
BELI,BELI.JK,Teknologi,4,RSI,RSI14 30/70 + SMA50,RSI_Final_Signal,2025-07-21,2026-01-20,2026-01-21,2026-04-21,0,0,0.0,0.0
MLPT,MLPT.JK,Teknologi,1,MA Crossover,SMA10/SMA50 + Volume >= 0.8 x VolMA20,MA_Final_Signal,2024-10-21,2025-04-20,2025-04-21,2025-07-21,1,1,100.0,100.0
MLPT,MLPT.JK,Teknologi,1,MACD,MACD 12/26/9 + SMA50 + Histogram Threshold 0.10% + Volume >= VolMA20,MACD_Final_Signal,2024-10-21,2025-04-20,2025-04-21,2025-07-21,0,0,0.0,0.0
MLPT,MLPT.JK,Teknologi,1,RSI,RSI14 30/70 + SMA50,RSI_Final_Signal,2024-10-21,2025-04-20,2025-04-21,2025-07-21,0,0,0.0,0.0
MLPT,MLPT.JK,Teknologi,2,MA Crossover,SMA10/SMA50 + Volume >= 0.8 x VolMA20,MA_Final_Signal,2025-01-21,2025-07-20,2025-07-21,2025-10-21,0,0,0.0,0.0
MLPT,MLPT.JK,Teknologi,2,MACD,MACD 12/26/9 + SMA50 + Histogram Threshold 0.10% + Volume >= VolMA20,MACD_Final_Signal,2025-01-21,2025-07-20,2025-07-21,2025-10-21,2,2,100.0,100.0
MLPT,MLPT.JK,Teknologi,2,RSI,RSI14 30/70 + SMA50,RSI_Final_Signal,2025-01-21,2025-07-20,2025-07-21,2025-10-21,1,0,0.0,0.0
MLPT,MLPT.JK,Teknologi,3,MA Crossover,SMA10/SMA50 + Volume >= 0.8 x VolMA20,MA_Final_Signal,2025-04-21,2025-10-20,2025-10-21,2026-01-21,1,0,0.0,0.0
MLPT,MLPT.JK,Teknologi,3,MACD,MACD 12/26/9 + SMA50 + Histogram Threshold 0.10% + Volume >= VolMA20,MACD_Final_Signal,2025-04-21,2025-10-20,2025-10-21,2026-01-21,1,0,0.0,0.0
MLPT,MLPT.JK,Teknologi,3,RSI,RSI14 30/70 + SMA50,RSI_Final_Signal,2025-04-21,2025-10-20,2025-10-21,2026-01-21,0,0,0.0,0.0
MLPT,MLPT.JK,Teknologi,4,MA Crossover,SMA10/SMA50 + Volume >= 0.8 x VolMA20,MA_Final_Signal,2025-07-21,2026-01-20,2026-01-21,2026-04-21,0,0,0.0,0.0
MLPT,MLPT.JK,Teknologi,4,MACD,MACD 12/26/9 + SMA50 + Histogram Threshold 0.10% + Volume >= VolMA20,MACD_Final_Signal,2025-07-21,2026-01-20,2026-01-21,2026-04-21,2,2,100.0,100.0
MLPT,MLPT.JK,Teknologi,4,RSI,RSI14 30/70 + SMA50,RSI_Final_Signal,2025-07-21,2026-01-20,2026-01-21,2026-04-21,0,0,0.0,0.0
EMTK,EMTK.JK,Teknologi,1,MA Crossover,SMA10/SMA50 + Volume >= 0.8 x VolMA20,MA_Final_Signal,2024-10-21,2025-04-20,2025-04-21,2025-07-21,2,1,50.0,50.0
EMTK,EMTK.JK,Teknologi,1,MACD,MACD 12/26/9 + SMA50 + Histogram Threshold 0.10% + Volume >= VolMA20,MACD_Final_Signal,2024-10-21,2025-04-20,2025-04-21,2025-07-21,1,0,0.0,0.0
EMTK,EMTK.JK,Teknologi,1,RSI,RSI14 30/70 + SMA50,RSI_Final_Signal,2024-10-21,2025-04-20,2025-04-21,2025-07-21,1,1,100.0,100.0
EMTK,EMTK.JK,Teknologi,2,MA Crossover,SMA10/SMA50 + Volume >= 0.8 x VolMA20,MA_Final_Signal,2025-01-21,2025-07-20,2025-07-21,2025-10-21,1,1,100.0,100.0
EMTK,EMTK.JK,Teknologi,2,MACD,MACD 12/26/9 + SMA50 + Histogram Threshold 0.10% + Volume >= VolMA20,MACD_Final_Signal,2025-01-21,2025-07-20,2025-07-21,2025-10-21,1,0,0.0,0.0
EMTK,EMTK.JK,Teknologi,2,RSI,RSI14 30/70 + SMA50,RSI_Final_Signal,2025-01-21,2025-07-20,2025-07-21,2025-10-21,0,0,0.0,0.0
EMTK,EMTK.JK,Teknologi,3,MA Crossover,SMA10/SMA50 + Volume >= 0.8 x VolMA20,MA_Final_Signal,2025-04-21,2025-10-20,2025-10-21,2026-01-21,2,0,0.0,0.0
EMTK,EMTK.JK,Teknologi,3,MACD,MACD 12/26/9 + SMA50 + Histogram Threshold 0.10% + Volume >= VolMA20,MACD_Final_Signal,2025-04-21,2025-10-20,2025-10-21,2026-01-21,1,1,100.0,100.0
EMTK,EMTK.JK,Teknologi,3,RSI,RSI14 30/70 + SMA50,RSI_Final_Signal,2025-04-21,2025-10-20,2025-10-21,2026-01-21,0,0,0.0,0.0
EMTK,EMTK.JK,Teknologi,4,MA Crossover,SMA10/SMA50 + Volume >= 0.8 x VolMA20,MA_Final_Signal,2025-07-21,2026-01-20,2026-01-21,2026-04-21,0,0,0.0,0.0
EMTK,EMTK.JK,Teknologi,4,MACD,MACD 12/26/9 + SMA50 + Histogram Threshold 0.10% + Volume >= VolMA20,MACD_Final_Signal,2025-07-21,2026-01-20,2026-01-21,2026-04-21,1,1,100.0,100.0
EMTK,EMTK.JK,Teknologi,4,RSI,RSI14 30/70 + SMA50,RSI_Final_Signal,2025-07-21,2026-01-20,2026-01-21,2026-04-21,0,0,0.0,0.0
BUKA,BUKA.JK,Teknologi,1,MA Crossover,SMA10/SMA50 + Volume >= 0.8 x VolMA20,MA_Final_Signal,2024-10-21,2025-04-20,2025-04-21,2025-07-21,2,1,50.0,50.0
BUKA,BUKA.JK,Teknologi,1,MACD,MACD 12/26/9 + SMA50 + Histogram Threshold 0.10% + Volume >= VolMA20,MACD_Final_Signal,2024-10-21,2025-04-20,2025-04-21,2025-07-21,1,1,100.0,100.0
BUKA,BUKA.JK,Teknologi,1,RSI,RSI14 30/70 + SMA50,RSI_Final_Signal,2024-10-21,2025-04-20,2025-04-21,2025-07-21,1,1,100.0,100.0
BUKA,BUKA.JK,Teknologi,2,MA Crossover,SMA10/SMA50 + Volume >= 0.8 x VolMA20,MA_Final_Signal,2025-01-21,2025-07-20,2025-07-21,2025-10-21,1,1,100.0,100.0
BUKA,BUKA.JK,Teknologi,2,MACD,MACD 12/26/9 + SMA50 + Histogram Threshold 0.10% + Volume >= VolMA20,MACD_Final_Signal,2025-01-21,2025-07-20,2025-07-21,2025-10-21,0,0,0.0,0.0
BUKA,BUKA.JK,Teknologi,2,RSI,RSI14 30/70 + SMA50,RSI_Final_Signal,2025-01-21,2025-07-20,2025-07-21,2025-10-21,1,1,100.0,100.0
BUKA,BUKA.JK,Teknologi,3,MA Crossover,SMA10/SMA50 + Volume >= 0.8 x VolMA20,MA_Final_Signal,2025-04-21,2025-10-20,2025-10-21,2026-01-21,0,0,0.0,0.0
BUKA,BUKA.JK,Teknologi,3,MACD,MACD 12/26/9 + SMA50 + Histogram Threshold 0.10% + Volume >= VolMA20,MACD_Final_Signal,2025-04-21,2025-10-20,2025-10-21,2026-01-21,2,0,0.0,0.0
BUKA,BUKA.JK,Teknologi,3,RSI,RSI14 30/70 + SMA50,RSI_Final_Signal,2025-04-21,2025-10-20,2025-10-21,2026-01-21,1,0,0.0,0.0
BUKA,BUKA.JK,Teknologi,4,MA Crossover,SMA10/SMA50 + Volume >= 0.8 x VolMA20,MA_Final_Signal,2025-07-21,2026-01-20,2026-01-21,2026-04-21,1,1,100.0,100.0
BUKA,BUKA.JK,Teknologi,4,MACD,MACD 12/26/9 + SMA50 + Histogram Threshold 0.10% + Volume >= VolMA20,MACD_Final_Signal,2025-07-21,2026-01-20,2026-01-21,2026-04-21,1,1,100.0,100.0
BUKA,BUKA.JK,Teknologi,4,RSI,RSI14 30/70 + SMA50,RSI_Final_Signal,2025-07-21,2026-01-20,2026-01-21,2026-04-21,0,0,0.0,0.0
WIFI,WIFI.JK,Teknologi,1,MA Crossover,SMA10/SMA50 + Volume >= 0.8 x VolMA20,MA_Final_Signal,2024-10-21,2025-04-20,2025-04-21,2025-07-21,2,0,0.0,0.0
WIFI,WIFI.JK,Teknologi,1,MACD,MACD 12/26/9 + SMA50 + Histogram Threshold 0.10% + Volume >= VolMA20,MACD_Final_Signal,2024-10-21,2025-04-20,2025-04-21,2025-07-21,2,0,0.0,0.0
WIFI,WIFI.JK,Teknologi,1,RSI,RSI14 30/70 + SMA50,RSI_Final_Signal,2024-10-21,2025-04-20,2025-04-21,2025-07-21,1,0,0.0,0.0
WIFI,WIFI.JK,Teknologi,2,MA Crossover,SMA10/SMA50 + Volume >= 0.8 x VolMA20,MA_Final_Signal,2025-01-21,2025-07-20,2025-07-21,2025-10-21,1,1,100.0,100.0
WIFI,WIFI.JK,Teknologi,2,MACD,MACD 12/26/9 + SMA50 + Histogram Threshold 0.10% + Volume >= VolMA20,MACD_Final_Signal,2025-01-21,2025-07-20,2025-07-21,2025-10-21,2,1,50.0,50.0
WIFI,WIFI.JK,Teknologi,2,RSI,RSI14 30/70 + SMA50,RSI_Final_Signal,2025-01-21,2025-07-20,2025-07-21,2025-10-21,1,1,100.0,100.0
WIFI,WIFI.JK,Teknologi,3,MA Crossover,SMA10/SMA50 + Volume >= 0.8 x VolMA20,MA_Final_Signal,2025-04-21,2025-10-20,2025-10-21,2026-01-21,0,0,0.0,0.0
WIFI,WIFI.JK,Teknologi,3,MACD,MACD 12/26/9 + SMA50 + Histogram Threshold 0.10% + Volume >= VolMA20,MACD_Final_Signal,2025-04-21,2025-10-20,2025-10-21,2026-01-21,1,1,100.0,100.0
WIFI,WIFI.JK,Teknologi,3,RSI,RSI14 30/70 + SMA50,RSI_Final_Signal,2025-04-21,2025-10-20,2025-10-21,2026-01-21,1,0,0.0,0.0
WIFI,WIFI.JK,Teknologi,4,MA Crossover,SMA10/SMA50 + Volume >= 0.8 x VolMA20,MA_Final_Signal,2025-07-21,2026-01-20,2026-01-21,2026-04-21,0,0,0.0,0.0
WIFI,WIFI.JK,Teknologi,4,MACD,MACD 12/26/9 + SMA50 + Histogram Threshold 0.10% + Volume >= VolMA20,MACD_Final_Signal,2025-07-21,2026-01-20,2026-01-21,2026-04-21,0,0,0.0,0.0
WIFI,WIFI.JK,Teknologi,4,RSI,RSI14 30/70 + SMA50,RSI_Final_Signal,2025-07-21,2026-01-20,2026-01-21,2026-04-21,0,0,0.0,0.0
CYBR,CYBR.JK,Teknologi,1,MA Crossover,SMA10/SMA50 + Volume >= 0.8 x VolMA20,MA_Final_Signal,2024-10-21,2025-04-20,2025-04-21,2025-07-21,0,0,0.0,0.0
CYBR,CYBR.JK,Teknologi,1,MACD,MACD 12/26/9 + SMA50 + Histogram Threshold 0.10% + Volume >= VolMA20,MACD_Final_Signal,2024-10-21,2025-04-20,2025-04-21,2025-07-21,0,0,0.0,0.0
CYBR,CYBR.JK,Teknologi,1,RSI,RSI14 30/70 + SMA50,RSI_Final_Signal,2024-10-21,2025-04-20,2025-04-21,2025-07-21,0,0,0.0,0.0
CYBR,CYBR.JK,Teknologi,2,MA Crossover,SMA10/SMA50 + Volume >= 0.8 x VolMA20,MA_Final_Signal,2025-01-21,2025-07-20,2025-07-21,2025-10-21,1,0,0.0,0.0
CYBR,CYBR.JK,Teknologi,2,MACD,MACD 12/26/9 + SMA50 + Histogram Threshold 0.10% + Volume >= VolMA20,MACD_Final_Signal,2025-01-21,2025-07-20,2025-07-21,2025-10-21,0,0,0.0,0.0
CYBR,CYBR.JK,Teknologi,2,RSI,RSI14 30/70 + SMA50,RSI_Final_Signal,2025-01-21,2025-07-20,2025-07-21,2025-10-21,0,0,0.0,0.0
CYBR,CYBR.JK,Teknologi,3,MA Crossover,SMA10/SMA50 + Volume >= 0.8 x VolMA20,MA_Final_Signal,2025-04-21,2025-10-20,2025-10-21,2026-01-21,0,0,0.0,0.0
CYBR,CYBR.JK,Teknologi,3,MACD,MACD 12/26/9 + SMA50 + Histogram Threshold 0.10% + Volume >= VolMA20,MACD_Final_Signal,2025-04-21,2025-10-20,2025-10-21,2026-01-21,1,1,100.0,100.0
CYBR,CYBR.JK,Teknologi,3,RSI,RSI14 30/70 + SMA50,RSI_Final_Signal,2025-04-21,2025-10-20,2025-10-21,2026-01-21,1,1,100.0,100.0
CYBR,CYBR.JK,Teknologi,4,MA Crossover,SMA10/SMA50 + Volume >= 0.8 x VolMA20,MA_Final_Signal,2025-07-21,2026-01-20,2026-01-21,2026-04-21,0,0,0.0,0.0
CYBR,CYBR.JK,Teknologi,4,MACD,MACD 12/26/9 + SMA50 + Histogram Threshold 0.10% + Volume >= VolMA20,MACD_Final_Signal,2025-07-21,2026-01-20,2026-01-21,2026-04-21,0,0,0.0,0.0
CYBR,CYBR.JK,Teknologi,4,RSI,RSI14 30/70 + SMA50,RSI_Final_Signal,2025-07-21,2026-01-20,2026-01-21,2026-04-21,0,0,0.0,0.0
MTDL,MTDL.JK,Teknologi,1,MA Crossover,SMA10/SMA50 + Volume >= 0.8 x VolMA20,MA_Final_Signal,2024-10-21,2025-04-20,2025-04-21,2025-07-21,1,1,100.0,100.0
MTDL,MTDL.JK,Teknologi,1,MACD,MACD 12/26/9 + SMA50 + Histogram Threshold 0.10% + Volume >= VolMA20,MACD_Final_Signal,2024-10-21,2025-04-20,2025-04-21,2025-07-21,0,0,0.0,0.0
MTDL,MTDL.JK,Teknologi,1,RSI,RSI14 30/70 + SMA50,RSI_Final_Signal,2024-10-21,2025-04-20,2025-04-21,2025-07-21,1,1,100.0,100.0
MTDL,MTDL.JK,Teknologi,2,MA Crossover,SMA10/SMA50 + Volume >= 0.8 x VolMA20,MA_Final_Signal,2025-01-21,2025-07-20,2025-07-21,2025-10-21,1,0,0.0,0.0
MTDL,MTDL.JK,Teknologi,2,MACD,MACD 12/26/9 + SMA50 + Histogram Threshold 0.10% + Volume >= VolMA20,MACD_Final_Signal,2025-01-21,2025-07-20,2025-07-21,2025-10-21,0,0,0.0,0.0
MTDL,MTDL.JK,Teknologi,2,RSI,RSI14 30/70 + SMA50,RSI_Final_Signal,2025-01-21,2025-07-20,2025-07-21,2025-10-21,2,0,0.0,0.0
MTDL,MTDL.JK,Teknologi,3,MA Crossover,SMA10/SMA50 + Volume >= 0.8 x VolMA20,MA_Final_Signal,2025-04-21,2025-10-20,2025-10-21,2026-01-21,0,0,0.0,0.0
MTDL,MTDL.JK,Teknologi,3,MACD,MACD 12/26/9 + SMA50 + Histogram Threshold 0.10% + Volume >= VolMA20,MACD_Final_Signal,2025-04-21,2025-10-20,2025-10-21,2026-01-21,1,0,0.0,0.0
MTDL,MTDL.JK,Teknologi,3,RSI,RSI14 30/70 + SMA50,RSI_Final_Signal,2025-04-21,2025-10-20,2025-10-21,2026-01-21,0,0,0.0,0.0
MTDL,MTDL.JK,Teknologi,4,MA Crossover,SMA10/SMA50 + Volume >= 0.8 x VolMA20,MA_Final_Signal,2025-07-21,2026-01-20,2026-01-21,2026-04-21,0,0,0.0,0.0
MTDL,MTDL.JK,Teknologi,4,MACD,MACD 12/26/9 + SMA50 + Histogram Threshold 0.10% + Volume >= VolMA20,MACD_Final_Signal,2025-07-21,2026-01-20,2026-01-21,2026-04-21,0,0,0.0,0.0
MTDL,MTDL.JK,Teknologi,4,RSI,RSI14 30/70 + SMA50,RSI_Final_Signal,2025-07-21,2026-01-20,2026-01-21,2026-04-21,0,0,0.0,0.0
MSTI,MSTI.JK,Teknologi,1,MA Crossover,SMA10/SMA50 + Volume >= 0.8 x VolMA20,MA_Final_Signal,2024-10-21,2025-04-20,2025-04-21,2025-07-21,3,2,66.66666666666666,66.66666666666666
MSTI,MSTI.JK,Teknologi,1,MACD,MACD 12/26/9 + SMA50 + Histogram Threshold 0.10% + Volume >= VolMA20,MACD_Final_Signal,2024-10-21,2025-04-20,2025-04-21,2025-07-21,2,0,0.0,0.0
MSTI,MSTI.JK,Teknologi,1,RSI,RSI14 30/70 + SMA50,RSI_Final_Signal,2024-10-21,2025-04-20,2025-04-21,2025-07-21,1,1,100.0,100.0
MSTI,MSTI.JK,Teknologi,2,MA Crossover,SMA10/SMA50 + Volume >= 0.8 x VolMA20,MA_Final_Signal,2025-01-21,2025-07-20,2025-07-21,2025-10-21,0,0,0.0,0.0
MSTI,MSTI.JK,Teknologi,2,MACD,MACD 12/26/9 + SMA50 + Histogram Threshold 0.10% + Volume >= VolMA20,MACD_Final_Signal,2025-01-21,2025-07-20,2025-07-21,2025-10-21,0,0,0.0,0.0
MSTI,MSTI.JK,Teknologi,2,RSI,RSI14 30/70 + SMA50,RSI_Final_Signal,2025-01-21,2025-07-20,2025-07-21,2025-10-21,0,0,0.0,0.0
MSTI,MSTI.JK,Teknologi,3,MA Crossover,SMA10/SMA50 + Volume >= 0.8 x VolMA20,MA_Final_Signal,2025-04-21,2025-10-20,2025-10-21,2026-01-21,0,0,0.0,0.0
MSTI,MSTI.JK,Teknologi,3,MACD,MACD 12/26/9 + SMA50 + Histogram Threshold 0.10% + Volume >= VolMA20,MACD_Final_Signal,2025-04-21,2025-10-20,2025-10-21,2026-01-21,1,1,100.0,100.0
MSTI,MSTI.JK,Teknologi,3,RSI,RSI14 30/70 + SMA50,RSI_Final_Signal,2025-04-21,2025-10-20,2025-10-21,2026-01-21,0,0,0.0,0.0
MSTI,MSTI.JK,Teknologi,4,MA Crossover,SMA10/SMA50 + Volume >= 0.8 x VolMA20,MA_Final_Signal,2025-07-21,2026-01-20,2026-01-21,2026-04-21,1,0,0.0,0.0
MSTI,MSTI.JK,Teknologi,4,MACD,MACD 12/26/9 + SMA50 + Histogram Threshold 0.10% + Volume >= VolMA20,MACD_Final_Signal,2025-07-21,2026-01-20,2026-01-21,2026-04-21,0,0,0.0,0.0
MSTI,MSTI.JK,Teknologi,4,RSI,RSI14 30/70 + SMA50,RSI_Final_Signal,2025-07-21,2026-01-20,2026-01-21,2026-04-21,0,0,0.0,0.0
BYAN,BYAN.JK,Energi,1,MA Crossover,SMA10/SMA50 + Volume >= 0.8 x VolMA20,MA_Final_Signal,2024-10-21,2025-04-20,2025-04-21,2025-07-21,0,0,0.0,0.0
BYAN,BYAN.JK,Energi,1,MACD,MACD 12/26/9 + SMA50 + Histogram Threshold 0.10% + Volume >= VolMA20,MACD_Final_Signal,2024-10-21,2025-04-20,2025-04-21,2025-07-21,0,0,0.0,0.0
BYAN,BYAN.JK,Energi,1,RSI,RSI14 30/70 + SMA50,RSI_Final_Signal,2024-10-21,2025-04-20,2025-04-21,2025-07-21,1,0,0.0,0.0
BYAN,BYAN.JK,Energi,2,MA Crossover,SMA10/SMA50 + Volume >= 0.8 x VolMA20,MA_Final_Signal,2025-01-21,2025-07-20,2025-07-21,2025-10-21,0,0,0.0,0.0
BYAN,BYAN.JK,Energi,2,MACD,MACD 12/26/9 + SMA50 + Histogram Threshold 0.10% + Volume >= VolMA20,MACD_Final_Signal,2025-01-21,2025-07-20,2025-07-21,2025-10-21,0,0,0.0,0.0
BYAN,BYAN.JK,Energi,2,RSI,RSI14 30/70 + SMA50,RSI_Final_Signal,2025-01-21,2025-07-20,2025-07-21,2025-10-21,0,0,0.0,0.0
BYAN,BYAN.JK,Energi,3,MA Crossover,SMA10/SMA50 + Volume >= 0.8 x VolMA20,MA_Final_Signal,2025-04-21,2025-10-20,2025-10-21,2026-01-21,0,0,0.0,0.0
BYAN,BYAN.JK,Energi,3,MACD,MACD 12/26/9 + SMA50 + Histogram Threshold 0.10% + Volume >= VolMA20,MACD_Final_Signal,2025-04-21,2025-10-20,2025-10-21,2026-01-21,1,0,0.0,0.0
BYAN,BYAN.JK,Energi,3,RSI,RSI14 30/70 + SMA50,RSI_Final_Signal,2025-04-21,2025-10-20,2025-10-21,2026-01-21,0,0,0.0,0.0
BYAN,BYAN.JK,Energi,4,MA Crossover,SMA10/SMA50 + Volume >= 0.8 x VolMA20,MA_Final_Signal,2025-07-21,2026-01-20,2026-01-21,2026-04-21,0,0,0.0,0.0
BYAN,BYAN.JK,Energi,4,MACD,MACD 12/26/9 + SMA50 + Histogram Threshold 0.10% + Volume >= VolMA20,MACD_Final_Signal,2025-07-21,2026-01-20,2026-01-21,2026-04-21,1,0,0.0,0.0
BYAN,BYAN.JK,Energi,4,RSI,RSI14 30/70 + SMA50,RSI_Final_Signal,2025-07-21,2026-01-20,2026-01-21,2026-04-21,1,1,100.0,100.0
DSSA,DSSA.JK,Energi,1,MA Crossover,SMA10/SMA50 + Volume >= 0.8 x VolMA20,MA_Final_Signal,2024-10-21,2025-04-20,2025-04-21,2025-07-21,0,0,0.0,0.0
DSSA,DSSA.JK,Energi,1,MACD,MACD 12/26/9 + SMA50 + Histogram Threshold 0.10% + Volume >= VolMA20,MACD_Final_Signal,2024-10-21,2025-04-20,2025-04-21,2025-07-21,2,2,100.0,100.0
DSSA,DSSA.JK,Energi,1,RSI,RSI14 30/70 + SMA50,RSI_Final_Signal,2024-10-21,2025-04-20,2025-04-21,2025-07-21,0,0,0.0,0.0
DSSA,DSSA.JK,Energi,2,MA Crossover,SMA10/SMA50 + Volume >= 0.8 x VolMA20,MA_Final_Signal,2025-01-21,2025-07-20,2025-07-21,2025-10-21,0,0,0.0,0.0
DSSA,DSSA.JK,Energi,2,MACD,MACD 12/26/9 + SMA50 + Histogram Threshold 0.10% + Volume >= VolMA20,MACD_Final_Signal,2025-01-21,2025-07-20,2025-07-21,2025-10-21,1,1,100.0,100.0
DSSA,DSSA.JK,Energi,2,RSI,RSI14 30/70 + SMA50,RSI_Final_Signal,2025-01-21,2025-07-20,2025-07-21,2025-10-21,2,1,50.0,50.0
DSSA,DSSA.JK,Energi,3,MA Crossover,SMA10/SMA50 + Volume >= 0.8 x VolMA20,MA_Final_Signal,2025-04-21,2025-10-20,2025-10-21,2026-01-21,1,0,0.0,0.0
DSSA,DSSA.JK,Energi,3,MACD,MACD 12/26/9 + SMA50 + Histogram Threshold 0.10% + Volume >= VolMA20,MACD_Final_Signal,2025-04-21,2025-10-20,2025-10-21,2026-01-21,0,0,0.0,0.0
DSSA,DSSA.JK,Energi,3,RSI,RSI14 30/70 + SMA50,RSI_Final_Signal,2025-04-21,2025-10-20,2025-10-21,2026-01-21,0,0,0.0,0.0
DSSA,DSSA.JK,Energi,4,MA Crossover,SMA10/SMA50 + Volume >= 0.8 x VolMA20,MA_Final_Signal,2025-07-21,2026-01-20,2026-01-21,2026-04-21,1,1,100.0,100.0
DSSA,DSSA.JK,Energi,4,MACD,MACD 12/26/9 + SMA50 + Histogram Threshold 0.10% + Volume >= VolMA20,MACD_Final_Signal,2025-07-21,2026-01-20,2026-01-21,2026-04-21,2,2,100.0,100.0
DSSA,DSSA.JK,Energi,4,RSI,RSI14 30/70 + SMA50,RSI_Final_Signal,2025-07-21,2026-01-20,2026-01-21,2026-04-21,1,1,100.0,100.0
CUAN,CUAN.JK,Energi,1,MA Crossover,SMA10/SMA50 + Volume >= 0.8 x VolMA20,MA_Final_Signal,2024-10-21,2025-04-20,2025-04-21,2025-07-21,1,1,100.0,100.0
CUAN,CUAN.JK,Energi,1,MACD,MACD 12/26/9 + SMA50 + Histogram Threshold 0.10% + Volume >= VolMA20,MACD_Final_Signal,2024-10-21,2025-04-20,2025-04-21,2025-07-21,0,0,0.0,0.0
CUAN,CUAN.JK,Energi,1,RSI,RSI14 30/70 + SMA50,RSI_Final_Signal,2024-10-21,2025-04-20,2025-04-21,2025-07-21,0,0,0.0,0.0
CUAN,CUAN.JK,Energi,2,MA Crossover,SMA10/SMA50 + Volume >= 0.8 x VolMA20,MA_Final_Signal,2025-01-21,2025-07-20,2025-07-21,2025-10-21,0,0,0.0,0.0
CUAN,CUAN.JK,Energi,2,MACD,MACD 12/26/9 + SMA50 + Histogram Threshold 0.10% + Volume >= VolMA20,MACD_Final_Signal,2025-01-21,2025-07-20,2025-07-21,2025-10-21,1,0,0.0,0.0
CUAN,CUAN.JK,Energi,2,RSI,RSI14 30/70 + SMA50,RSI_Final_Signal,2025-01-21,2025-07-20,2025-07-21,2025-10-21,1,1,100.0,100.0
CUAN,CUAN.JK,Energi,3,MA Crossover,SMA10/SMA50 + Volume >= 0.8 x VolMA20,MA_Final_Signal,2025-04-21,2025-10-20,2025-10-21,2026-01-21,0,0,0.0,0.0
CUAN,CUAN.JK,Energi,3,MACD,MACD 12/26/9 + SMA50 + Histogram Threshold 0.10% + Volume >= VolMA20,MACD_Final_Signal,2025-04-21,2025-10-20,2025-10-21,2026-01-21,1,1,100.0,100.0
CUAN,CUAN.JK,Energi,3,RSI,RSI14 30/70 + SMA50,RSI_Final_Signal,2025-04-21,2025-10-20,2025-10-21,2026-01-21,3,2,66.66666666666666,66.66666666666666
CUAN,CUAN.JK,Energi,4,MA Crossover,SMA10/SMA50 + Volume >= 0.8 x VolMA20,MA_Final_Signal,2025-07-21,2026-01-20,2026-01-21,2026-04-21,0,0,0.0,0.0
CUAN,CUAN.JK,Energi,4,MACD,MACD 12/26/9 + SMA50 + Histogram Threshold 0.10% + Volume >= VolMA20,MACD_Final_Signal,2025-07-21,2026-01-20,2026-01-21,2026-04-21,1,1,100.0,100.0
CUAN,CUAN.JK,Energi,4,RSI,RSI14 30/70 + SMA50,RSI_Final_Signal,2025-07-21,2026-01-20,2026-01-21,2026-04-21,0,0,0.0,0.0
ADRO,ADRO.JK,Energi,1,MA Crossover,SMA10/SMA50 + Volume >= 0.8 x VolMA20,MA_Final_Signal,2024-10-21,2025-04-20,2025-04-21,2025-07-21,1,1,100.0,100.0
ADRO,ADRO.JK,Energi,1,MACD,MACD 12/26/9 + SMA50 + Histogram Threshold 0.10% + Volume >= VolMA20,MACD_Final_Signal,2024-10-21,2025-04-20,2025-04-21,2025-07-21,0,0,0.0,0.0
ADRO,ADRO.JK,Energi,1,RSI,RSI14 30/70 + SMA50,RSI_Final_Signal,2024-10-21,2025-04-20,2025-04-21,2025-07-21,1,0,0.0,0.0
ADRO,ADRO.JK,Energi,2,MA Crossover,SMA10/SMA50 + Volume >= 0.8 x VolMA20,MA_Final_Signal,2025-01-21,2025-07-20,2025-07-21,2025-10-21,0,0,0.0,0.0
ADRO,ADRO.JK,Energi,2,MACD,MACD 12/26/9 + SMA50 + Histogram Threshold 0.10% + Volume >= VolMA20,MACD_Final_Signal,2025-01-21,2025-07-20,2025-07-21,2025-10-21,1,0,0.0,0.0
ADRO,ADRO.JK,Energi,2,RSI,RSI14 30/70 + SMA50,RSI_Final_Signal,2025-01-21,2025-07-20,2025-07-21,2025-10-21,2,2,100.0,100.0
ADRO,ADRO.JK,Energi,3,MA Crossover,SMA10/SMA50 + Volume >= 0.8 x VolMA20,MA_Final_Signal,2025-04-21,2025-10-20,2025-10-21,2026-01-21,1,0,0.0,0.0
ADRO,ADRO.JK,Energi,3,MACD,MACD 12/26/9 + SMA50 + Histogram Threshold 0.10% + Volume >= VolMA20,MACD_Final_Signal,2025-04-21,2025-10-20,2025-10-21,2026-01-21,3,2,66.66666666666666,66.66666666666666
ADRO,ADRO.JK,Energi,3,RSI,RSI14 30/70 + SMA50,RSI_Final_Signal,2025-04-21,2025-10-20,2025-10-21,2026-01-21,1,0,0.0,0.0
ADRO,ADRO.JK,Energi,4,MA Crossover,SMA10/SMA50 + Volume >= 0.8 x VolMA20,MA_Final_Signal,2025-07-21,2026-01-20,2026-01-21,2026-04-21,0,0,0.0,0.0
ADRO,ADRO.JK,Energi,4,MACD,MACD 12/26/9 + SMA50 + Histogram Threshold 0.10% + Volume >= VolMA20,MACD_Final_Signal,2025-07-21,2026-01-20,2026-01-21,2026-04-21,0,0,0.0,0.0
ADRO,ADRO.JK,Energi,4,RSI,RSI14 30/70 + SMA50,RSI_Final_Signal,2025-07-21,2026-01-20,2026-01-21,2026-04-21,0,0,0.0,0.0
ADMR,ADMR.JK,Energi,1,MA Crossover,SMA10/SMA50 + Volume >= 0.8 x VolMA20,MA_Final_Signal,2024-10-21,2025-04-20,2025-04-21,2025-07-21,0,0,0.0,0.0
ADMR,ADMR.JK,Energi,1,MACD,MACD 12/26/9 + SMA50 + Histogram Threshold 0.10% + Volume >= VolMA20,MACD_Final_Signal,2024-10-21,2025-04-20,2025-04-21,2025-07-21,1,1,100.0,100.0
ADMR,ADMR.JK,Energi,1,RSI,RSI14 30/70 + SMA50,RSI_Final_Signal,2024-10-21,2025-04-20,2025-04-21,2025-07-21,1,1,100.0,100.0
ADMR,ADMR.JK,Energi,2,MA Crossover,SMA10/SMA50 + Volume >= 0.8 x VolMA20,MA_Final_Signal,2025-01-21,2025-07-20,2025-07-21,2025-10-21,2,2,100.0,100.0
ADMR,ADMR.JK,Energi,2,MACD,MACD 12/26/9 + SMA50 + Histogram Threshold 0.10% + Volume >= VolMA20,MACD_Final_Signal,2025-01-21,2025-07-20,2025-07-21,2025-10-21,0,0,0.0,0.0
ADMR,ADMR.JK,Energi,2,RSI,RSI14 30/70 + SMA50,RSI_Final_Signal,2025-01-21,2025-07-20,2025-07-21,2025-10-21,1,0,0.0,0.0
ADMR,ADMR.JK,Energi,3,MA Crossover,SMA10/SMA50 + Volume >= 0.8 x VolMA20,MA_Final_Signal,2025-04-21,2025-10-20,2025-10-21,2026-01-21,1,1,100.0,100.0
ADMR,ADMR.JK,Energi,3,MACD,MACD 12/26/9 + SMA50 + Histogram Threshold 0.10% + Volume >= VolMA20,MACD_Final_Signal,2025-04-21,2025-10-20,2025-10-21,2026-01-21,1,0,0.0,0.0
ADMR,ADMR.JK,Energi,3,RSI,RSI14 30/70 + SMA50,RSI_Final_Signal,2025-04-21,2025-10-20,2025-10-21,2026-01-21,2,0,0.0,0.0
ADMR,ADMR.JK,Energi,4,MA Crossover,SMA10/SMA50 + Volume >= 0.8 x VolMA20,MA_Final_Signal,2025-07-21,2026-01-20,2026-01-21,2026-04-21,1,0,0.0,0.0
ADMR,ADMR.JK,Energi,4,MACD,MACD 12/26/9 + SMA50 + Histogram Threshold 0.10% + Volume >= VolMA20,MACD_Final_Signal,2025-07-21,2026-01-20,2026-01-21,2026-04-21,1,1,100.0,100.0
ADMR,ADMR.JK,Energi,4,RSI,RSI14 30/70 + SMA50,RSI_Final_Signal,2025-07-21,2026-01-20,2026-01-21,2026-04-21,1,1,100.0,100.0
BUMI,BUMI.JK,Energi,1,MA Crossover,SMA10/SMA50 + Volume >= 0.8 x VolMA20,MA_Final_Signal,2024-10-21,2025-04-20,2025-04-21,2025-07-21,0,0,0.0,0.0
BUMI,BUMI.JK,Energi,1,MACD,MACD 12/26/9 + SMA50 + Histogram Threshold 0.10% + Volume >= VolMA20,MACD_Final_Signal,2024-10-21,2025-04-20,2025-04-21,2025-07-21,1,0,0.0,0.0
BUMI,BUMI.JK,Energi,1,RSI,RSI14 30/70 + SMA50,RSI_Final_Signal,2024-10-21,2025-04-20,2025-04-21,2025-07-21,0,0,0.0,0.0
BUMI,BUMI.JK,Energi,2,MA Crossover,SMA10/SMA50 + Volume >= 0.8 x VolMA20,MA_Final_Signal,2025-01-21,2025-07-20,2025-07-21,2025-10-21,1,1,100.0,100.0
BUMI,BUMI.JK,Energi,2,MACD,MACD 12/26/9 + SMA50 + Histogram Threshold 0.10% + Volume >= VolMA20,MACD_Final_Signal,2025-01-21,2025-07-20,2025-07-21,2025-10-21,0,0,0.0,0.0
BUMI,BUMI.JK,Energi,2,RSI,RSI14 30/70 + SMA50,RSI_Final_Signal,2025-01-21,2025-07-20,2025-07-21,2025-10-21,0,0,0.0,0.0
BUMI,BUMI.JK,Energi,3,MA Crossover,SMA10/SMA50 + Volume >= 0.8 x VolMA20,MA_Final_Signal,2025-04-21,2025-10-20,2025-10-21,2026-01-21,0,0,0.0,0.0
BUMI,BUMI.JK,Energi,3,MACD,MACD 12/26/9 + SMA50 + Histogram Threshold 0.10% + Volume >= VolMA20,MACD_Final_Signal,2025-04-21,2025-10-20,2025-10-21,2026-01-21,2,2,100.0,100.0
BUMI,BUMI.JK,Energi,3,RSI,RSI14 30/70 + SMA50,RSI_Final_Signal,2025-04-21,2025-10-20,2025-10-21,2026-01-21,1,1,100.0,100.0
BUMI,BUMI.JK,Energi,4,MA Crossover,SMA10/SMA50 + Volume >= 0.8 x VolMA20,MA_Final_Signal,2025-07-21,2026-01-20,2026-01-21,2026-04-21,1,0,0.0,0.0
BUMI,BUMI.JK,Energi,4,MACD,MACD 12/26/9 + SMA50 + Histogram Threshold 0.10% + Volume >= VolMA20,MACD_Final_Signal,2025-07-21,2026-01-20,2026-01-21,2026-04-21,1,1,100.0,100.0
BUMI,BUMI.JK,Energi,4,RSI,RSI14 30/70 + SMA50,RSI_Final_Signal,2025-07-21,2026-01-20,2026-01-21,2026-04-21,0,0,0.0,0.0
TCPI,TCPI.JK,Energi,1,MA Crossover,SMA10/SMA50 + Volume >= 0.8 x VolMA20,MA_Final_Signal,2024-10-21,2025-04-20,2025-04-21,2025-07-21,2,2,100.0,100.0
TCPI,TCPI.JK,Energi,1,MACD,MACD 12/26/9 + SMA50 + Histogram Threshold 0.10% + Volume >= VolMA20,MACD_Final_Signal,2024-10-21,2025-04-20,2025-04-21,2025-07-21,1,0,0.0,0.0
TCPI,TCPI.JK,Energi,1,RSI,RSI14 30/70 + SMA50,RSI_Final_Signal,2024-10-21,2025-04-20,2025-04-21,2025-07-21,2,0,0.0,0.0
TCPI,TCPI.JK,Energi,2,MA Crossover,SMA10/SMA50 + Volume >= 0.8 x VolMA20,MA_Final_Signal,2025-01-21,2025-07-20,2025-07-21,2025-10-21,3,3,100.0,100.0
TCPI,TCPI.JK,Energi,2,MACD,MACD 12/26/9 + SMA50 + Histogram Threshold 0.10% + Volume >= VolMA20,MACD_Final_Signal,2025-01-21,2025-07-20,2025-07-21,2025-10-21,0,0,0.0,0.0
TCPI,TCPI.JK,Energi,2,RSI,RSI14 30/70 + SMA50,RSI_Final_Signal,2025-01-21,2025-07-20,2025-07-21,2025-10-21,1,0,0.0,0.0
TCPI,TCPI.JK,Energi,3,MA Crossover,SMA10/SMA50 + Volume >= 0.8 x VolMA20,MA_Final_Signal,2025-04-21,2025-10-20,2025-10-21,2026-01-21,0,0,0.0,0.0
TCPI,TCPI.JK,Energi,3,MACD,MACD 12/26/9 + SMA50 + Histogram Threshold 0.10% + Volume >= VolMA20,MACD_Final_Signal,2025-04-21,2025-10-20,2025-10-21,2026-01-21,0,0,0.0,0.0
TCPI,TCPI.JK,Energi,3,RSI,RSI14 30/70 + SMA50,RSI_Final_Signal,2025-04-21,2025-10-20,2025-10-21,2026-01-21,1,1,100.0,100.0
TCPI,TCPI.JK,Energi,4,MA Crossover,SMA10/SMA50 + Volume >= 0.8 x VolMA20,MA_Final_Signal,2025-07-21,2026-01-20,2026-01-21,2026-04-21,0,0,0.0,0.0
TCPI,TCPI.JK,Energi,4,MACD,MACD 12/26/9 + SMA50 + Histogram Threshold 0.10% + Volume >= VolMA20,MACD_Final_Signal,2025-07-21,2026-01-20,2026-01-21,2026-04-21,1,1,100.0,100.0
TCPI,TCPI.JK,Energi,4,RSI,RSI14 30/70 + SMA50,RSI_Final_Signal,2025-07-21,2026-01-20,2026-01-21,2026-04-21,0,0,0.0,0.0
PTRO,PTRO.JK,Energi,1,MA Crossover,SMA10/SMA50 + Volume >= 0.8 x VolMA20,MA_Final_Signal,2024-10-21,2025-04-20,2025-04-21,2025-07-21,2,2,100.0,100.0
PTRO,PTRO.JK,Energi,1,MACD,MACD 12/26/9 + SMA50 + Histogram Threshold 0.10% + Volume >= VolMA20,MACD_Final_Signal,2024-10-21,2025-04-20,2025-04-21,2025-07-21,0,0,0.0,0.0
PTRO,PTRO.JK,Energi,1,RSI,RSI14 30/70 + SMA50,RSI_Final_Signal,2024-10-21,2025-04-20,2025-04-21,2025-07-21,0,0,0.0,0.0
PTRO,PTRO.JK,Energi,2,MA Crossover,SMA10/SMA50 + Volume >= 0.8 x VolMA20,MA_Final_Signal,2025-01-21,2025-07-20,2025-07-21,2025-10-21,2,1,50.0,50.0
PTRO,PTRO.JK,Energi,2,MACD,MACD 12/26/9 + SMA50 + Histogram Threshold 0.10% + Volume >= VolMA20,MACD_Final_Signal,2025-01-21,2025-07-20,2025-07-21,2025-10-21,1,0,0.0,0.0
PTRO,PTRO.JK,Energi,2,RSI,RSI14 30/70 + SMA50,RSI_Final_Signal,2025-01-21,2025-07-20,2025-07-21,2025-10-21,3,3,100.0,100.0
PTRO,PTRO.JK,Energi,3,MA Crossover,SMA10/SMA50 + Volume >= 0.8 x VolMA20,MA_Final_Signal,2025-04-21,2025-10-20,2025-10-21,2026-01-21,0,0,0.0,0.0
PTRO,PTRO.JK,Energi,3,MACD,MACD 12/26/9 + SMA50 + Histogram Threshold 0.10% + Volume >= VolMA20,MACD_Final_Signal,2025-04-21,2025-10-20,2025-10-21,2026-01-21,2,2,100.0,100.0
PTRO,PTRO.JK,Energi,3,RSI,RSI14 30/70 + SMA50,RSI_Final_Signal,2025-04-21,2025-10-20,2025-10-21,2026-01-21,0,0,0.0,0.0
PTRO,PTRO.JK,Energi,4,MA Crossover,SMA10/SMA50 + Volume >= 0.8 x VolMA20,MA_Final_Signal,2025-07-21,2026-01-20,2026-01-21,2026-04-21,1,1,100.0,100.0
PTRO,PTRO.JK,Energi,4,MACD,MACD 12/26/9 + SMA50 + Histogram Threshold 0.10% + Volume >= VolMA20,MACD_Final_Signal,2025-07-21,2026-01-20,2026-01-21,2026-04-21,0,0,0.0,0.0
PTRO,PTRO.JK,Energi,4,RSI,RSI14 30/70 + SMA50,RSI_Final_Signal,2025-07-21,2026-01-20,2026-01-21,2026-04-21,0,0,0.0,0.0
GEMS,GEMS.JK,Energi,1,MA Crossover,SMA10/SMA50 + Volume >= 0.8 x VolMA20,MA_Final_Signal,2024-10-21,2025-04-20,2025-04-21,2025-07-21,2,1,50.0,50.0
GEMS,GEMS.JK,Energi,1,MACD,MACD 12/26/9 + SMA50 + Histogram Threshold 0.10% + Volume >= VolMA20,MACD_Final_Signal,2024-10-21,2025-04-20,2025-04-21,2025-07-21,0,0,0.0,0.0
GEMS,GEMS.JK,Energi,1,RSI,RSI14 30/70 + SMA50,RSI_Final_Signal,2024-10-21,2025-04-20,2025-04-21,2025-07-21,0,0,0.0,0.0
GEMS,GEMS.JK,Energi,2,MA Crossover,SMA10/SMA50 + Volume >= 0.8 x VolMA20,MA_Final_Signal,2025-01-21,2025-07-20,2025-07-21,2025-10-21,2,2,100.0,100.0
GEMS,GEMS.JK,Energi,2,MACD,MACD 12/26/9 + SMA50 + Histogram Threshold 0.10% + Volume >= VolMA20,MACD_Final_Signal,2025-01-21,2025-07-20,2025-07-21,2025-10-21,0,0,0.0,0.0
GEMS,GEMS.JK,Energi,2,RSI,RSI14 30/70 + SMA50,RSI_Final_Signal,2025-01-21,2025-07-20,2025-07-21,2025-10-21,0,0,0.0,0.0
GEMS,GEMS.JK,Energi,3,MA Crossover,SMA10/SMA50 + Volume >= 0.8 x VolMA20,MA_Final_Signal,2025-04-21,2025-10-20,2025-10-21,2026-01-21,1,1,100.0,100.0
GEMS,GEMS.JK,Energi,3,MACD,MACD 12/26/9 + SMA50 + Histogram Threshold 0.10% + Volume >= VolMA20,MACD_Final_Signal,2025-04-21,2025-10-20,2025-10-21,2026-01-21,0,0,0.0,0.0
GEMS,GEMS.JK,Energi,3,RSI,RSI14 30/70 + SMA50,RSI_Final_Signal,2025-04-21,2025-10-20,2025-10-21,2026-01-21,1,0,0.0,0.0
GEMS,GEMS.JK,Energi,4,MA Crossover,SMA10/SMA50 + Volume >= 0.8 x VolMA20,MA_Final_Signal,2025-07-21,2026-01-20,2026-01-21,2026-04-21,1,0,0.0,0.0
GEMS,GEMS.JK,Energi,4,MACD,MACD 12/26/9 + SMA50 + Histogram Threshold 0.10% + Volume >= VolMA20,MACD_Final_Signal,2025-07-21,2026-01-20,2026-01-21,2026-04-21,1,1,100.0,100.0
GEMS,GEMS.JK,Energi,4,RSI,RSI14 30/70 + SMA50,RSI_Final_Signal,2025-07-21,2026-01-20,2026-01-21,2026-04-21,0,0,0.0,0.0
PGAS,PGAS.JK,Energi,1,MA Crossover,SMA10/SMA50 + Volume >= 0.8 x VolMA20,MA_Final_Signal,2024-10-21,2025-04-20,2025-04-21,2025-07-21,0,0,0.0,0.0
PGAS,PGAS.JK,Energi,1,MACD,MACD 12/26/9 + SMA50 + Histogram Threshold 0.10% + Volume >= VolMA20,MACD_Final_Signal,2024-10-21,2025-04-20,2025-04-21,2025-07-21,0,0,0.0,0.0
PGAS,PGAS.JK,Energi,1,RSI,RSI14 30/70 + SMA50,RSI_Final_Signal,2024-10-21,2025-04-20,2025-04-21,2025-07-21,0,0,0.0,0.0
PGAS,PGAS.JK,Energi,2,MA Crossover,SMA10/SMA50 + Volume >= 0.8 x VolMA20,MA_Final_Signal,2025-01-21,2025-07-20,2025-07-21,2025-10-21,1,0,0.0,0.0
PGAS,PGAS.JK,Energi,2,MACD,MACD 12/26/9 + SMA50 + Histogram Threshold 0.10% + Volume >= VolMA20,MACD_Final_Signal,2025-01-21,2025-07-20,2025-07-21,2025-10-21,1,0,0.0,0.0
PGAS,PGAS.JK,Energi,2,RSI,RSI14 30/70 + SMA50,RSI_Final_Signal,2025-01-21,2025-07-20,2025-07-21,2025-10-21,0,0,0.0,0.0
PGAS,PGAS.JK,Energi,3,MA Crossover,SMA10/SMA50 + Volume >= 0.8 x VolMA20,MA_Final_Signal,2025-04-21,2025-10-20,2025-10-21,2026-01-21,1,0,0.0,0.0
PGAS,PGAS.JK,Energi,3,MACD,MACD 12/26/9 + SMA50 + Histogram Threshold 0.10% + Volume >= VolMA20,MACD_Final_Signal,2025-04-21,2025-10-20,2025-10-21,2026-01-21,3,2,66.66666666666666,66.66666666666666
PGAS,PGAS.JK,Energi,3,RSI,RSI14 30/70 + SMA50,RSI_Final_Signal,2025-04-21,2025-10-20,2025-10-21,2026-01-21,0,0,0.0,0.0
PGAS,PGAS.JK,Energi,4,MA Crossover,SMA10/SMA50 + Volume >= 0.8 x VolMA20,MA_Final_Signal,2025-07-21,2026-01-20,2026-01-21,2026-04-21,1,1,100.0,100.0
PGAS,PGAS.JK,Energi,4,MACD,MACD 12/26/9 + SMA50 + Histogram Threshold 0.10% + Volume >= VolMA20,MACD_Final_Signal,2025-07-21,2026-01-20,2026-01-21,2026-04-21,1,1,100.0,100.0
PGAS,PGAS.JK,Energi,4,RSI,RSI14 30/70 + SMA50,RSI_Final_Signal,2025-07-21,2026-01-20,2026-01-21,2026-04-21,0,0,0.0,0.0
